pl_rade,pl_bmasse,st_teff,pl_eqt,st_mass,sy_dist,st_met
2.08,7.81,5234.0,1958.0,0.905,12.5855,0.31
2.23,16.3,5766.0,546.0,0.961,179.461,-0.15
21.59,3932.0,6935.0,2001.0,1.41,589.423,-0.34
12.44196858,2002.3189641,3406.0,434.0,0.37,10.8864,0.0
17.385159,327.3649,5950.0,1915.0,0.95,787.909,-0.3
16.7,327.35,5950.0,1898.0,0.95,787.909,-0.3
10.87,874.0,5075.0,600.0,0.89,338.386,0.26
10.547669,883.5674,5075.0,647.0,0.904,338.386,0.26
15.984034,743.7222,6440.0,1735.0,1.26,655.037,-0.03
16.03,740.51,6440.0,1657.0,1.27,655.037,-0.03
15.13215,281.91521,5675.0,1410.0,1.018,1126.37,0.16
16.14,291.438,5675.0,1442.0,1.078,1126.37,0.16
14.033668,416.99296,5945.0,1432.0,1.086,1148.93,0.01
9.92,415.704,5945.0,1700.0,1.09,1148.93,0.01
11.410762,2437.7561,6035.0,1936.0,1.125,1744.6,0.05
12.22,2415.4,6035.0,1952.0,1.13,1744.6,0.05
11.43,772.29,5740.0,1626.0,1.04,1176.12,0.0
11.287463,781.8618,5740.0,1610.0,1.043,1176.12,0.0
14.68,1102.82,5440.0,1550.0,0.95,764.889,-0.1
14.022459,1039.3041,5440.0,1490.0,0.861,764.889,-0.1
14.46,352.78,6090.0,2000.0,1.21,790.663,-0.02
13.33871,346.4347,6090.0,1630.0,1.181,790.663,-0.02
15.849526,1052.0173,5625.0,1535.0,0.97,213.283,0.0
16.36514,1134.6531,5598.0,1521.0,0.997,213.283,0.04
16.47723,1150.5446,5696.0,1548.0,1.018,213.283,0.03
13.00244,1608.2198,5880.0,1100.0,1.11,844.061,0.14
9.42,1347.54,5880.0,1002.0,1.14,844.061,0.14
4.88,12.2,5939.0,885.0,1.099,627.158,0.17
13.22662,972.5598,5900.0,1710.0,1.122,1060.97,0.05
11.77,889.9,5900.0,1660.0,1.14,1060.97,0.05
3.7,5.7,4950.0,1070.0,0.91,591.555,0.3
5.0,28.0,4950.0,850.0,0.91,591.555,0.3
12.11,85.81,6040.0,1330.0,1.09,1103.48,-0.01
14.12,165.26,5590.0,1600.0,1.09,1045.18,0.01
11.287,3302.11,5900.0,1500.0,1.05,1010.28,-0.1
11.623733,6979.5468,6740.0,1695.0,1.403,768.771,-0.02
18.83108758,349.6112477,6390.0,1747.0,1.01,1123.21,-0.5
15.80466279,216.12331676,6730.0,1567.0,1.32,925.958,-0.1
13.00244,232.33373,6190.0,1058.0,1.194,726.412,0.05
15.558,148.42,6100.0,1438.0,1.0,882.472,-0.25
13.249038,149.3801,6100.0,1348.0,1.025,882.472,-0.25
13.282665,940.7768,6090.0,1025.0,1.054,645.294,-0.2
13.068,940.74,6090.0,1017.0,1.05,645.294,-0.2
1.860694,6.99226,5250.0,1910.0,0.884,159.906,0.12
1.585,5.74,5259.0,1756.0,0.913,159.906,0.138
7.980808,68.65128,5080.0,922.0,0.878,322.037,0.31
11.623733,262.52758,5625.0,413.0,0.96,412.98,-0.01
11.948794,266.9772,5625.0,420.0,0.96,412.98,-0.01
6.38913,47.6745,5970.0,938.0,1.08,576.683,0.0
1.565,7.67,5679.0,2038.0,0.958,232.1,0.01
6.12,27.0,6025.0,886.35,1.18,181.69,0.1
1.82,9.0,5496.0,2063.0,0.92,244.59,0.06
1.52,8.36,5470.0,2333.0,0.945,244.59,-0.025
1.725,8.21,5532.0,2300.0,0.95,244.59,0.11
1.676,7.8,5578.0,2299.0,0.913,244.59,-0.005
2.836,8.9,5532.0,805.0,0.95,244.59,0.11
2.77,5.7,5496.0,722.0,0.92,244.59,0.06
2.5,5.8,5470.0,774.0,0.945,244.59,-0.025
2.84,7.32,5578.0,804.0,0.913,244.59,-0.005
2.332,10.4,5868.0,804.0,0.97,121.971,-0.12
11.780659,953.49,6202.0,1401.0,1.317,372.632,0.141
12.44199,4131.79,4898.0,183.0,0.9,551.886,-0.23
1.95,8.75,5430.0,1616.0,1.05,321.296,0.2
3.67,14.67,5430.0,990.0,1.05,321.296,0.2
3.94,10.18,5430.0,752.0,1.05,321.296,0.2
1.9,4.0,3395.0,440.6,0.2952,27.9276,-0.07
2.025,11.7,3348.0,456.0,0.29,27.9276,0.04
1.16,1.62,3270.0,409.0,0.181,12.613,-0.12
1.19151465,1.83704819,3229.0,583.8,0.1945,12.613,-0.17
2.733,8.41,3101.0,567.0,0.182,14.6427,0.24
2.742,8.17,3250.0,596.0,0.178,14.6427,0.29
1.193,2.09,3458.0,1089.0,0.381,20.373,0.1
2.61,22.7,4640.0,422.0,0.73,16.32,0.003
2.13,3.34,3556.0,693.0,0.519,22.4751,-0.06
3.88,12.58,3652.0,615.0,0.51,29.4214,0.2
4.57,13.9,3600.0,593.5,0.539,29.4214,0.2
3.88,13.73,3652.0,604.0,0.51,29.4214,0.18
1.264,1.86,3347.0,773.0,0.36,27.3644,0.11
1.217,1.84,3505.0,525.0,0.342,9.44181,-0.12
0.699,0.633,3522.0,1365.0,0.455,9.41263,-0.01
0.718,0.546,3522.0,1745.0,0.454,9.41263,-0.01
1.09,1.75,3384.0,568.0,0.313,15.8095,-0.02
1.15,1.21,3369.0,568.8,0.309,15.8095,0.0
2.63,7.6,4120.0,308.6,0.65,11.8893,0.24
8.4,53.83,4120.0,124.7,0.65,11.8893,0.24
4.091285,23.424071,3500.0,669.0,0.459,9.75321,-0.03
4.2224,23.1688,3350.0,649.0,0.452,9.75321,-0.03
1.343,3.0,3291.0,706.0,0.333,8.07426,-0.15
1.305,2.82,3340.0,701.0,0.323,8.07426,0.07
1.289,2.77,3317.0,696.3,0.312,8.07426,-0.15
1.331,1.9,3600.0,940.0,0.413,12.0445,-0.28
1.44,4.28,4236.0,1035.01,0.62,29.661,-0.29
1.58,3.69,4219.0,1114.0,0.637,29.661,-0.29
1.577,5.14,4305.0,1175.0,0.606,29.661,-0.26
1.62,3.42,4269.0,1172.0,0.614,29.661,-0.5
1.24,1.45,4219.0,771.0,0.637,29.661,-0.29
1.13,1.86,4236.0,715.94,0.62,29.661,-0.29
1.269,2.42,4269.0,811.0,0.614,29.661,-0.5
1.241,1.3,4305.0,813.0,0.606,29.661,-0.26
1.98,3.02,4236.0,675.0,0.62,29.661,-0.29
2.07,5.2,4269.0,680.0,0.614,29.661,-0.5
1.89,3.02,4236.0,599.68,0.62,29.661,-0.29
2.022,3.53,4305.0,681.0,0.606,29.661,-0.26
2.04,2.35,4219.0,646.0,0.637,29.661,-0.29
16.47720163,6261.2196179,7000.0,2300.0,1.68,655.013,0.35
0.958,3.87,3296.0,314.6,0.2414,12.21,-0.32
0.9,10.0,3253.0,315.0,0.241,12.21,-0.29
13.921578,169.08556,5975.0,1306.0,1.133,158.979,0.13
14.784671,166.86075,5980.0,1322.0,1.151,158.979,0.13
13.641353,166.54292,5975.0,1291.0,1.134,158.979,0.13
14.79588,168.4499,6051.18,1320.0,1.126,158.979,0.1578
4.73,25.743,4780.0,878.0,0.81,37.7647,0.31
4.449973,26.69772,4780.0,838.0,0.812,37.7647,0.31
4.901,25.0,4780.0,847.0,0.86,37.7647,0.31
10.637341,67.06213,4650.0,975.0,0.733,142.751,-0.29
10.76064,66.7443,4652.87,960.0,0.74,142.751,-0.0632
10.301071,63.88383,4665.0,955.0,0.691,142.751,-0.2
10.749,67.059,4650.0,963.0,0.733,142.751,-0.29
14.359,271.098,5653.0,1653.0,1.22,246.81,0.41
13.4508,724.6524,6583.0,1612.0,1.32,222.663,0.08
12.89,709.367,6600.0,1570.0,1.386,222.663,0.11
13.663771,721.79193,6600.0,1624.0,1.418,222.663,0.11
12.016,618.471,5568.0,904.0,1.013,192.516,0.22
14.448,1332.605,6158.0,1626.0,1.218,226.637,0.17
11.321,169.71,5246.0,792.0,0.857,92.3831,0.0
11.153,62.61,4803.0,852.0,0.77,161.4,0.1
10.614923,62.29468,4870.0,841.0,0.77,161.4,0.1
11.29865255,88.03846874,4962.0,981.2,0.807,202.078,0.166
12.689,92.802,4990.0,1010.0,0.842,202.078,0.23
11.242627,2771.4776,6290.0,1398.0,1.308,127.774,0.12
13.33871,2777.8342,6290.0,1516.0,1.279,127.774,0.14
12.969,2888.95,6290.0,1540.0,1.36,127.774,0.14
9.718,2302.899,4595.0,970.0,0.756,71.0374,0.35
11.489225,2294.7326,4595.0,964.0,0.742,71.0374,0.22
11.478,1291.289,5588.0,1283.0,0.947,277.278,0.01
12.106,682.352,5302.0,1283.0,0.916,81.7647,0.24
11.88154,696.68336,5314.0,1293.0,0.936,81.7647,0.3
15.334,664.237,5905.0,2056.0,1.13,364.813,0.15
13.72,658.0,5885.0,1951.0,1.104,364.813,0.13
13.922,217.704,6373.0,1637.0,1.191,415.344,-0.16
13.339,180.202,5500.0,1202.0,1.01,300.384,0.31
12.722215,180.84527,5519.0,1182.0,1.012,300.384,0.294
6.333,18.751,5079.0,1001.0,0.816,141.837,-0.04
13.585,198.953,5680.0,1384.0,1.025,401.319,0.12
11.926376,243.77561,6115.0,1271.0,1.199,313.576,0.128
12.408,247.261,6087.0,1260.0,1.207,313.576,0.21
10.076891,189.42668,5185.0,1127.0,0.928,134.554,0.27
10.614923,185.61272,5185.0,1189.0,0.9,134.554,0.27
10.211399,189.10885,5190.0,1170.0,0.925,134.554,0.24
15.02,225.968,6304.0,1630.0,1.242,213.985,0.13
22.19382,216.1244,6001.0,1835.7,1.132,289.205,-0.16
14.616536,588.62116,5620.0,1788.0,1.03,294.419,0.25
15.210613,611.82275,5560.0,1820.2,1.049,294.419,0.26
14.986433,216.1244,5860.0,1691.0,1.271,320.451,0.24
14.348,331.801,5743.0,1428.0,1.178,405.238,0.27
14.359,210.395,5645.0,1361.0,1.048,528.825,0.23
13.922,111.871,5295.0,1108.0,0.942,347.85,0.33
15.984,283.492,6330.0,1652.0,1.259,298.64,0.07
14.392,156.684,6120.0,1458.0,1.284,290.736,0.3
15.838,549.823,6820.0,2131.0,1.543,350.351,0.074
14.437192,429.0705,6280.0,1862.0,1.273,515.458,-0.18
13.50682174,97.57332095,5453.0,1168.2,0.961,440.089,0.302
14.493237,98.20947,5449.0,1192.0,0.976,440.089,0.27
11.309881,259.98494,5131.0,1218.0,0.887,361.155,0.28
14.773462,471.65972,5956.0,1778.0,1.093,666.802,0.0
10.581296,241.5508,4390.0,818.0,0.645,143.651,-0.127
14.84069045,189.42573057,5804.0,1367.0,1.028,511.388,0.003
13.249038,184.97706,5808.0,1313.0,1.013,511.388,-0.03
16.432394,692.8694,6566.0,1840.0,1.296,320.639,-0.077
15.838317,587.9855,7500.0,2200.0,1.47,279.86,-0.25
14.93036229,118.2321674,6078.0,1622.0,1.031,515.59,-0.224
12.58768533,489.45574678,5678.0,1277.8,1.008,265.471,0.217
15.636555,337.85329,6570.0,1704.0,1.295,275.358,-0.13
18.28184752,182.43350562,6212.0,1772.0,1.435,233.22,0.037
10.07687365,335.9446262,5587.0,1505.0,1.004,338.84,0.194
12.02723629,241.86741773,5629.0,1512.0,1.023,348.815,0.414
12.5428494,195.1466419,5400.0,1237.0,0.925,403.458,0.251
19.08889413,184.34047606,6457.0,1766.0,1.298,651.897,-0.113
18.05766791,176.07693748,5872.0,1818.0,1.297,738.519,0.208
21.18501,167.49641,5835.0,1930.0,1.212,738.519,0.1
17.82231,248.86089,6002.0,1896.0,1.255,935.456,0.035
23.370765,108.0622,6406.0,1903.0,1.642,371.686,-0.08
12.016048,230.10892,4508.0,1027.8,0.6785,202.152,-0.059
18.786284,1137.8314,7394.0,1930.0,1.648,341.263,-0.069
15.905571,566.05523,6350.0,2200.0,1.47,341.079,0.26
16.712619,534.59006,6441.0,2700.0,1.47,341.079,0.15
15.043,564.442,6532.23,2733.0,1.347,341.079,0.2326
16.421185,571.77617,6350.0,2194.0,1.511,341.079,0.26
20.96083,2154.8874,8450.0,2562.0,1.89,330.739,-0.059
15.614137,238.05467,6350.0,1540.0,1.281,455.203,0.12
15.46842,247.27174,6350.0,1540.0,1.28,455.203,0.12
10.861521,167.17858,5880.0,1407.0,1.101,534.889,0.15
16.92559,270.1555,6060.0,1637.0,1.0,944.603,-0.39
15.13215,756.4354,6408.0,2097.0,1.489,746.138,-0.1
13.585308,172.58169,5523.0,1244.0,0.962,421.855,0.05
11.646151,340.39593,5346.0,1276.0,0.967,513.011,0.33
12.385945,689.6911,5311.0,1505.0,0.871,1139.55,0.0
14.5717,1039.3041,5738.0,1592.0,0.97,757.044,-0.1
8.709393,425.25654,5846.0,814.0,1.131,400.331,0.3
14.986433,629.3034,5600.0,2060.0,1.037,624.368,0.28
13.092,427.463,5227.0,1577.0,0.882,341.925,0.15
10.682177,870.8542,4803.0,858.0,0.759,229.518,0.0
20.84874,467.2101,5780.0,1654.0,1.121,639.004,0.28
15.636555,718.2958,6125.0,2166.0,1.07,494.182,-0.229
16.667783,775.5052,6346.0,2067.0,1.212,494.182,0.0
14.12334,194.82979,5715.0,1277.0,0.994,471.158,0.02
19.61575,206.5895,6071.0,1918.0,1.299,861.843,-0.02
16.8135,168.4499,6438.0,1659.0,1.415,816.988,0.09
13.383546,213.58176,5498.0,1253.0,0.929,535.383,0.01
14.022459,207.54299,5670.0,1212.0,1.032,353.891,0.16
15.48,340.382,6351.0,1648.0,1.209,411.211,-0.157
13.170575,224.38798,5943.0,1414.0,1.093,342.14,0.06
18.38276,279.6904,6050.0,1823.0,1.275,773.974,0.0
14.000041,292.4036,5700.0,1437.0,1.099,745.116,0.39
13.78707,378.85336,5659.0,1429.0,1.062,248.46,0.29
16.02887,299.07803,5380.0,1445.0,0.955,508.842,0.25
16.409976,388.38826,6300.0,2037.0,1.317,514.555,0.21
13.843115,1022.14128,6149.0,1356.0,1.222,856.436,0.28
6.792654,31.46517,5326.0,1085.0,0.843,211.896,0.051
6.882326,23.51942,5732.0,1294.0,0.89,343.525,-0.102
17.59813,200.2329,6572.0,1645.0,1.379,878.521,0.0
11.433,420.471,5403.0,1315.0,1.001,416.459,0.43
17.71022,505.3497,6460.0,2101.0,1.561,1342.29,0.01
14.90797,3082.951,6424.0,1710.0,1.496,737.668,0.47
15.6926,597.5204,6060.0,1856.0,1.273,800.377,0.22
13.22662,82.95363,5099.0,1003.0,0.837,362.273,0.05
11.960003,177.9848,5080.0,1161.0,0.86,446.035,0.32
14.414774,222.481,6450.0,1518.0,1.272,772.11,0.02
10.121727,54.98459,5495.0,1054.0,0.917,453.808,-0.06
12.520453,117.27927,4512.0,852.9,0.674,300.67,-0.113
8.9672,77.23269,4546.0,954.6,0.7279,263.609,0.186
8.574885,112.19399,4405.0,834.8,0.7133,324.413,0.208
10.223,75.323,5304.0,1025.0,0.936,246.384,0.19
11.960003,241.5508,5702.0,1625.0,1.097,748.585,0.396
11.37711541,239.32479047,5621.0,1429.0,1.05,748.585,0.37
14.022459,292.72143,6214.0,1367.0,1.1955,609.838,0.108
18.920792,191.33366,6536.0,1902.0,1.573,564.409,0.19
12.767051,1000.21101,5587.0,1413.4,1.026,279.485,0.268
12.621334,256.17098,5670.0,1128.0,1.038,642.884,0.18
11.186582,101.38777,3724.0,712.8,0.574,169.318,0.2
12.923977,210.40346,5688.0,1528.0,1.097,486.474,0.335
13.394755,1080.622,5542.0,1226.1,1.076,679.761,0.247
11.825495,56.89157,5416.0,1237.0,0.896,523.067,0.133
13.529263,305.1168,5627.0,1398.3,0.931,623.232,0.081
18.819911,305.1168,6554.0,1793.0,1.564,1080.15,0.22
16.824709,260.93843,6277.0,1634.0,1.257,493.32,0.199
15.815899,1694.0339,6626.0,1998.0,1.411,1477.98,-0.017
18.887165,460.8535,6594.0,2193.0,1.435,960.109,0.332
13.809488,410.0007,6147.0,1741.0,1.351,603.955,0.21
10.592505,183.38791,5137.0,1295.7,0.892,414.537,0.377
6.310667,38.1396,4985.0,1084.0,0.849,240.707,0.25
15.513256,4100.007,7930.0,2730.0,1.78,1458.83,0.041
11.478016,117.5971,3405.0,586.8,0.4861,140.225,0.17
8.0973816,39.855882,4656.1,739.3,0.7311,127.589,0.099
11.56766808,464.02947422,3776.9,895.1,0.601,299.389,0.514
9.90873894,156.05374784,3790.4,772.3,0.6017,194.964,0.522
12.09449018,835.570882,4016.0,939.8,0.662,385.689,0.322
13.05846252,436.69623122,4071.0,828.3,0.655,436.176,0.253
9.785457,43.86054,5679.0,1324.0,1.056,794.637,0.21
11.937585,266.02371,5366.0,1823.0,1.03,638.7,0.34
2.44,12.6,6327.0,1153.0,1.091,109.353,-0.311
4.35,15.2,6327.0,886.0,1.091,109.353,-0.311
2.2,5.69,5266.0,800.0,0.798,32.1585,-0.2
2.388,6.3,5266.0,699.0,0.798,32.1585,-0.2
2.852,8.52,5266.0,602.0,0.798,32.1585,-0.2
1.94,3.9,5266.0,533.0,0.798,32.1585,-0.2
2.601,5.04,5266.0,489.0,0.798,32.1585,-0.2
2.607,8.4,5266.0,440.0,0.798,32.1585,-0.2
2.05,4.55,5732.0,1371.0,0.997,106.307,0.14
12.06086323,725.28442477,5872.0,1360.0,1.353,92.2589,0.27
12.55405838,693.50158407,5788.0,1371.0,1.22,92.2589,0.22
12.73340208,688.41632956,5683.0,1494.0,1.251,92.2589,0.223
2.51,5.7,5710.0,815.0,0.9,73.8713,-0.21
2.5320132,6.1,5698.0,750.83,0.913,73.8713,-0.121
1.664,4.72,5664.0,905.0,0.87,14.682,-0.24
1.482,4.62,5850.0,911.0,0.906,14.682,-0.25
2.916,11.24,5664.0,677.0,0.87,14.682,-0.24
2.608,11.29,5850.0,682.0,0.906,14.682,-0.25
2.562,8.82,5664.0,431.0,0.87,14.682,-0.24
1.31,4.04,5799.0,2130.0,1.04,155.317,-0.03
11.500434,131.89945,5521.0,1228.3,1.324,79.5702,0.29
11.466807,116.64361,5474.0,1519.0,1.257,79.5702,0.04
6.83749,113.14748,6147.0,1626.0,1.271,75.8643,0.36
7.330686,114.10097,6160.0,1634.0,1.294,75.8643,0.36
1.699,7.2,5131.0,1006.0,0.851,44.8155,0.03
1.64,7.51,5125.0,1001.0,0.9,44.8155,0.15
2.522,8.79,5131.0,656.1,0.851,44.8155,0.03
2.39,8.11,5125.0,642.0,0.9,44.8155,0.15
11.937585,1036.76146,6079.0,883.0,1.297,78.0863,0.24
3.53,11.2,5706.0,748.0,1.034,57.2651,-0.07
3.49,20.4,5784.0,752.0,0.996,57.2651,-0.038
3.55,19.7,5788.0,769.0,1.031,57.2651,-0.023
2.7,25.5,5083.0,863.0,0.807,38.5653,-0.05
12.542871,370.58978,5050.0,1209.0,0.812,19.7638,-0.03
12.901559,365.5045,5050.0,1191.0,0.84,19.7638,-0.03
12.77826,362.3262,5023.0,1200.0,0.84,19.7638,0.02
12.756,363.582,5040.0,1201.0,0.806,19.7638,-0.03
3.39512346,9.6,5385.0,818.69,0.8222,53.6089,-0.138
3.39,10.4,5348.0,893.0,0.81,53.6089,-0.15
3.41,10.0,5348.0,880.0,0.81,53.6089,-0.15
3.08,7.2,5348.0,605.0,0.81,53.6089,-0.15
3.1823776,6.1,5385.0,554.51,0.8222,53.6089,-0.138
3.195,8.0,5348.0,600.0,0.81,53.6089,-0.15
3.04,5.8,5348.0,549.0,0.81,53.6089,-0.15
2.995,2.8,5348.0,540.0,0.81,53.6089,-0.15
3.1168896,2.2,5385.0,502.73,0.8222,53.6089,-0.138
17.317905,323.23311,6272.0,2132.0,1.72,161.498,0.3
1.72,7.42,5596.0,2141.0,0.9,63.6796,-0.07
2.25,6.1,4819.0,743.0,0.8,23.606,0.095
2.501,14.4,5070.0,632.2,0.8,28.2938,-0.042
2.34302132,14.8,5106.0,581.75,0.8208,28.2938,-0.03
15.46842,226.93062,6117.0,1459.0,1.148,48.3016,0.02
15.233,217.704,6065.0,1449.0,1.119,48.3016,0.0
15.24424,219.3027,6052.0,1450.0,1.13,48.3016,0.05
1.745,8.83,5978.0,2128.0,1.068,48.0883,-0.04
2.697,17.7,5871.0,637.0,1.09,79.208,0.049
0.892,3.7,4640.0,701.0,0.73,16.32,0.003
1.602,4.74,4699.0,1015.0,0.81,6.53127,0.11
1.511,4.36,4699.0,782.0,0.81,6.53127,0.11
1.61,16.17,4699.0,410.5,0.81,6.53127,0.11
1.31,7.3,4699.0,522.6,0.81,6.53127,0.11
4.71,16.6,5527.0,1073.0,0.92,94.1719,0.04
2.607,26.57,6169.0,546.0,1.098,62.7792,-0.08
2.0,8.32,4684.0,543.0,0.67,39.0341,-0.2
1.87,3.41,4684.0,467.0,0.67,39.0341,-0.2
0.75,0.55,4684.0,909.0,0.67,39.0341,-0.2
0.818,0.72,4684.0,723.0,0.67,39.0341,-0.2
1.137,0.77,4684.0,630.0,0.67,39.0341,-0.2
2.07506422,4.2,5087.0,753.95,0.8531,41.1706,0.105
2.62,8.5,6220.0,1290.0,1.19,45.6181,-0.2
2.54535814,8.7,6353.0,1198.46,1.251,45.6181,-0.018
1.36354953,4.3,6353.0,1585.57,1.251,45.6181,-0.018
1.5,4.1,6220.0,1707.0,1.19,45.6181,-0.2
1.24,2.14,3803.0,709.0,0.439,10.0055,-0.43
1.533,3.09,3803.0,557.0,0.439,10.0055,-0.43
16.14096,371.8611,6801.0,2061.0,1.43,196.852,0.02
2.199,18.496,6120.0,881.2,1.26,139.611,0.0
4.23,7.943,6120.0,585.2,1.26,139.611,0.0
3.25,5.681,6120.0,506.5,1.26,139.611,0.0
1.627,4.73,5300.0,1777.0,0.852,47.2899,0.037
1.574,5.69,5286.0,1759.0,0.877,47.2899,0.03
1.67,4.97,5261.0,1774.0,0.837,47.2899,0.04
2.74,8.33,5286.0,548.0,0.877,47.2899,0.03
2.923,10.67,5300.0,565.0,0.852,47.2899,0.037
3.0,11.13,5261.0,564.0,0.837,47.2899,0.04
9.07303305,74.1,6128.0,798.3,1.1642,80.6665,0.043
9.718203,77.55052,6089.0,876.0,1.127,80.6665,0.036
3.42633318,5.9,5323.0,703.39,0.9452,68.192,0.332
3.36,5.8,5240.0,755.0,0.94,68.192,0.33
3.41,9.1,5289.0,716.0,0.901,68.192,0.24
3.48,9.6,5289.0,777.0,0.89,68.192,0.24
2.45,7.8,6203.0,943.0,1.126,57.5846,-0.12
2.42763557,10.0,5934.0,1075.31,1.0269,67.6203,-0.05
2.45,10.8,5920.0,1194.0,1.0,67.6203,-0.08
2.16351593,37.3,5634.0,886.44,0.9883,22.4035,0.079
2.58229101,17.2,5634.0,622.31,0.9883,22.4035,0.079
2.99,10.8,5534.0,911.0,0.933,48.9739,0.07
2.91575244,10.5,5513.0,825.22,0.9406,48.9739,0.107
2.9,11.1,5534.0,684.0,0.933,48.9739,0.07
3.06451296,11.1,5513.0,619.59,0.9406,48.9739,0.107
2.884,10.48,6252.6,911.0,1.2,35.26,0.143
2.84,15.9,4582.0,742.7,0.702,31.5666,-0.055
2.79,10.2,4511.0,714.0,0.73,31.5666,0.0
2.73,22.5,4582.0,517.8,0.702,31.5666,-0.055
2.39,9.7,4511.0,498.0,0.73,31.5666,0.0
2.89646124,10.9,6007.0,1128.86,1.1973,99.451,0.215
11.242627,1307.55262,5574.0,405.0,1.018,66.4711,0.34
1.613,5.72,5959.0,2463.0,1.18,109.86,0.255
2.16,7.25,5863.0,1311.0,1.019,45.683,0.018
2.49,17.2,5861.0,460.0,1.25,33.2673,0.06
7.39794,34.9613,5576.0,1089.0,1.157,132.345,0.421
6.86,35.7,5499.0,1053.0,1.12,132.345,0.45
7.263432,38.45743,5622.0,1068.0,1.324,132.345,0.436
1.46954368,2.8,5908.0,1842.23,1.0844,82.3432,0.11
1.35,7.8,5987.0,2042.0,1.109,82.3432,0.1
3.11976057,18.4,5908.0,1212.45,1.0844,82.3432,0.11
3.228,19.2,5987.0,1344.0,1.109,82.3432,0.1
3.89,42.44,5212.0,385.0,0.83,36.9941,0.04
2.247,7.55,5170.0,757.0,0.77,21.5618,-0.23
2.12,8.3,5212.0,751.0,0.85,21.5618,-0.23
2.53,10.1,5089.0,745.0,0.755,62.4491,-0.16
2.53,11.82,5089.0,690.0,0.775,62.4491,-0.16
2.469,9.7,5048.0,753.2,0.8,62.4491,0.0
1.551,4.5,5289.0,1123.0,0.901,68.192,0.24
1.58,4.5,5289.0,1217.0,0.89,68.192,0.24
1.37,5.1,5289.0,998.0,0.89,68.192,0.24
1.538,5.14,5289.0,920.0,0.901,68.192,0.24
22.75427,1021.18779,4590.0,1411.0,0.781,61.7856,0.18
2.56,7.8,5530.0,855.0,0.91,101.694,-0.09
2.53625843,8.9,5618.0,794.96,0.9373,101.694,0.007
2.48,9.4,5530.0,699.0,0.91,101.694,-0.09
2.52442508,10.7,5618.0,650.68,0.9373,101.694,0.007
3.0,379.0,5991.0,1060.0,1.094,58.5146,0.0
3.82838127,8.3,5649.0,640.88,0.942,67.5478,-0.018
3.75,8.4,5550.0,685.0,0.93,67.5478,-0.1
3.42855926,7.0,5649.0,470.31,0.942,67.5478,-0.018
3.34,7.9,5550.0,503.0,0.93,67.5478,-0.1
2.4801338,19.1,5216.0,701.66,0.9342,65.9501,0.248
2.74,20.0,5198.0,757.0,0.898,65.9501,0.27
2.004,3.55,6354.0,1552.0,1.204,31.964,0.025
1.979,3.8,6354.0,1309.0,1.204,31.964,0.025
2.001,7.1,6354.0,1061.0,1.204,31.964,0.025
3.88,21.8,5945.0,1841.0,1.15,188.959,0.22
16.14096,266.9772,6030.0,1780.0,1.3,685.2,0.1
5.28,59.4,5474.0,1446.0,1.121,477.295,0.33
2.592,15.9,5010.0,638.0,0.738,116.474,-0.34
2.592,16.7,5010.0,640.0,0.738,116.474,-0.34
1.82,5.58,5775.0,1309.0,0.84,200.394,-0.46
1.9,8.6,5730.0,1309.0,0.88,200.394,-0.53
10.42437,410.0007,5627.0,1178.0,1.007,635.722,0.18
10.558878,587.9855,5027.0,719.0,0.832,475.758,0.41
10.44677001,638.83509807,4920.0,701.0,0.86,475.758,0.41
10.59248676,638.83509807,4899.0,701.4,0.863,475.758,0.42
12.498035,266.9772,5560.0,682.0,0.831,413.591,-0.22
11.80305668,321.00669107,5870.0,696.0,0.918,413.591,-0.198
2.44,5.2,5672.0,1026.0,0.965,326.381,0.0
1.69,7.9,5120.0,2223.0,0.803,152.509,-0.04
12.206601,157.32585,4878.0,1586.0,1.19,609.818,-0.11
1.014,4.3,4500.0,610.0,0.742,59.2474,-0.02
3.0,18.1,4500.0,470.0,0.742,59.2474,-0.02
1.565,3.0,4500.0,420.0,0.742,59.2474,-0.02
0.89,158.915,3492.0,1471.0,0.463,98.8765,0.08
9.056872,123.00021,5340.0,565.0,0.919,153.856,0.22
12.273855,323.86877,5654.0,1114.0,1.005,347.917,0.12
13.56286665,295.58041851,5585.0,962.0,0.96,347.917,0.1
1.54,5.31,4373.0,2039.0,0.662,61.8736,0.03
1.51,4.97,4570.0,2103.0,0.708,61.8736,0.0
7.0,8.0,4570.0,695.0,0.708,61.8736,0.0
2.3,6.5,6011.0,1174.0,1.01,80.8994,-0.4
2.37,8.92,3457.0,284.0,0.359,38.0266,0.12
2.46597575,11.41003981,5365.0,797.5,0.735,203.896,-0.578
2.24179614,11.44182265,5110.0,729.0,0.71,203.896,-0.65
2.71257333,20.97667486,5128.0,965.8,0.823,154.83,0.022
2.69,20.0,5170.0,969.0,0.865,154.83,0.12
1.73,6.9,4491.0,913.0,0.711,107.518,-0.01
2.85,12.4,4491.0,694.0,0.711,107.518,-0.01
1.75,8.0,4503.0,1103.0,0.7,115.461,0.0
2.5,444.962,3830.0,2100.0,0.6,243.836,0.03
2.35,8.7,5942.0,871.0,0.989,101.321,-0.315
1.164,2.59,5185.0,1960.0,0.837,102.564,-0.06
2.12,21.3,5185.0,800.0,0.837,102.564,-0.06
11.209,126.49634,6154.0,1030.0,1.188,130.72,0.1
11.859122,123.00021,5888.0,1001.0,1.039,130.72,0.051
1.343,11.26,5033.0,1121.0,0.79,67.5062,-0.09
1.281,12.81,5033.0,790.0,0.79,67.5062,-0.09
2.358,21.14,5033.0,523.0,0.79,67.5062,-0.09
18.405178,392.83788,6099.0,1838.0,1.23,314.995,0.0
16.06246934,434.15360396,6180.0,1759.0,1.256,314.995,0.337
16.19697711,433.20011874,6360.0,1828.0,1.263,314.995,0.137
18.49485,508.528,6257.0,1884.0,1.28,314.995,0.14
14.5717,273.3338,5630.0,1587.0,1.19,537.963,0.34
5.68,21.0,5743.0,767.0,1.12,170.562,0.42
7.82,27.0,5743.0,606.0,1.12,170.562,0.42
3.44,24.5,3207.0,494.0,0.2634,44.9565,0.15
17.396368,451.3186,6367.0,1957.0,1.39,663.834,-0.14
18.41635529,546.66486004,6860.0,2090.0,1.637,663.834,0.334
9.52763359,59.75174052,5445.0,1046.0,1.09,213.283,0.36
9.26982704,68.96876432,5490.0,1036.0,1.107,213.283,0.372
9.50521563,67.69745069,5503.0,1030.0,1.266,213.283,0.384
9.52765,70.87609,5537.0,1080.0,1.1,213.283,0.36
2.41,14.9,5368.0,470.0,0.88,162.481,-0.08
2.41,14.8,5368.0,470.0,0.88,162.481,-0.08
1.70824866,7.3418362,5420.0,1366.0,0.901,138.671,0.033
3.3,11.26782377,4285.0,1515.0,0.686,77.5586,-0.12
0.705,0.29013072,4285.0,664.5,0.686,77.5586,-0.12
2.93,8.9,4285.0,538.3,0.686,77.5586,-0.12
2.73,14.3,4285.0,490.1,0.686,77.5586,-0.12
4.48,30.9,5248.0,902.0,0.866,249.645,0.13
7.5,37.1,5500.0,787.0,1.03,391.537,0.33
2.59,9.68,4975.0,1088.9,0.83,154.961,0.0
3.53,15.68,4975.0,741.4,0.83,154.961,0.0
2.48,6.5,4975.0,619.9,0.83,154.961,0.0
1.95,10.7,4975.0,500.9,0.83,154.961,0.0
9.494023,100.11645,5695.0,804.0,1.056,158.335,0.2
11.209,194.82979,5222.0,1076.0,0.864,178.475,0.0
13.33871,232.0159,5358.0,1171.0,0.94,178.475,0.16
3.06,10.9,6302.0,1230.0,1.194,272.909,-0.06
11.276254,246.00042,6302.0,676.0,1.194,272.909,-0.06
2.63,24.5,5725.0,795.0,1.0,114.293,0.07
10.054473,106.47305,4444.0,852.0,0.74,232.801,0.14
2.25,6.47,3835.0,513.0,0.62,44.0727,-0.01
2.078,5.11,3844.0,501.3,0.549,44.0727,-0.157
1.582,2.68,3844.0,371.8,0.549,44.0727,-0.157
1.69,3.3,3835.0,381.0,0.62,44.0727,-0.01
1.458,2.2,3844.0,305.2,0.549,44.0727,-0.157
1.62,1.6,3835.0,312.0,0.62,44.0727,-0.01
13.405964,198.00809,5581.0,1185.0,0.984,333.042,0.136
11.646151,184.02357,5425.0,1092.0,0.9,333.042,-0.15
11.982421,187.20187,5575.0,1203.0,0.917,333.042,0.06
5.13,16.5,5275.0,817.0,0.856,157.682,-0.02
5.299,15.0,5271.0,837.0,0.83,157.682,-0.06
3.01,12.1,5275.0,619.0,0.856,157.682,-0.02
3.134,8.1,5271.0,634.0,0.83,157.682,-0.06
3.43,10.3,5275.0,537.0,0.856,157.682,-0.02
3.484,6.7,5271.0,550.0,0.83,157.682,-0.06
1.212,2.1,5271.0,1066.0,0.83,157.682,-0.06
8.675766,82.6358,5282.0,650.0,0.901,233.237,0.098
15.13215,559.3808,6132.0,1742.0,1.281,348.646,0.24
15.434793,539.67534,6149.0,1715.0,1.226,348.646,0.0
1.43,3.9,4916.0,1224.0,0.79,109.749,-0.09
3.2,7.8,4916.0,788.0,0.79,109.749,-0.09
1.54,7.3,5731.0,1266.0,1.03,192.69,0.26
1.55,12.0,5757.0,1184.0,1.07,192.69,0.28
1.655,7.7,5705.0,1310.0,1.054,192.69,0.235
2.29,8.3,5731.0,916.0,1.03,192.69,0.26
2.42,9.9,5757.0,858.0,1.07,192.69,0.28
2.49,7.4,5705.0,949.0,1.054,192.69,0.235
5.71,39.8,4912.0,1670.0,1.192,307.47,0.43
1.015,7.5,3173.0,412.4,0.1635,21.8182,-0.13
10.55,196.0,3711.0,377.0,0.562,268.685,-0.11
7.655747,135.39558,5500.0,1400.0,0.97,491.87,0.01
2.49,21.3,5887.0,1372.0,1.11,513.877,-0.047
4.09,9.2,5897.0,1022.0,1.066,256.011,0.035
13.45077684,174.48779544,4673.0,1566.0,1.17,878.43,0.328
5.06645928,34.00763955,6260.0,1185.0,1.246,518.625,-0.044
4.3,32.2,6120.0,1102.0,1.074,518.625,-0.2
11.88151954,276.51071409,6069.0,1184.0,1.44,519.229,0.2
15.681391,215.80657,5948.0,1377.0,1.112,188.404,0.09
15.35633,61.97685,5370.0,1712.0,1.438,99.1596,0.18
19.95202,301.9385,6279.0,1800.0,1.591,368.03,0.19
19.537287,408.09372,5720.0,1970.0,1.239,250.121,0.32
17.03768,380.12468,5802.0,1904.0,1.178,250.121,0.326
16.174587,289.2253,6003.0,1642.0,1.181,324.683,0.047
15.860735,874.0325,6236.0,2453.0,1.211,444.586,-0.002
17.093725,416.3573,7454.0,2087.0,1.635,226.5,-0.018
17.59813,375.0394,6670.0,2085.0,1.524,321.376,0.09
21.40919,1293.5681,7500.0,1935.0,1.62,300.276,-0.12
20.51247,5403.11,8980.0,2260.0,1.89,136.426,-0.02
19.514869,1074.90106,8720.0,2262.0,1.76,136.426,-0.29
17.777474,1242.7153,7598.0,2051.0,1.458,470.878,-0.405
14.829507,298.12454,5899.0,1561.0,0.944,126.261,-0.105
14.257848,1646.3594,6509.0,1459.0,1.46,96.5173,0.186
12.71098411,1458.83238813,6426.0,1391.0,1.268,96.5173,0.138
15.24421375,1334.8793094,6415.0,1473.0,1.3,96.5173,0.09
15.076,469.415,6306.0,1816.0,1.278,210.252,0.044
19.044091,286.68266,6206.0,1823.0,1.201,218.05,-0.116
13.372,136.661,6102.0,1313.0,1.085,240.726,-0.281
17.183397,406.8224,6789.0,2048.0,1.535,136.681,0.139
20.84874,275.55861,5754.0,1675.0,1.211,197.572,0.272
21.196219,915.3504,10170.0,4050.0,2.52,204.455,-0.03
16.948008,2949.4624,7650.0,2550.0,1.72,519.096,0.2
11.09691,613.4119,5830.0,347.0,1.01,921.986,0.16
0.51,99.2,3515.0,1180.0,0.41,172.245,0.1
1.71,10.5,6182.0,1486.0,1.277,477.052,0.0228
4.32,15.6,6182.0,1012.0,1.277,477.052,0.0228
11.27,106.0,6182.0,806.0,1.277,477.052,0.0228
6.56,35.0,6182.0,584.0,1.277,477.052,0.0228
11.54527,346.4347,5165.0,1459.0,0.892,262.706,0.22
1.47,3.33,5708.0,2169.0,0.91,185.506,-0.15
1.4807089,4.608535,5627.0,2130.0,0.913,185.506,-0.15
1.47,3.26,5708.0,2188.0,0.91,185.506,-0.15
1.46,4.6,5643.0,2160.0,0.913,185.506,-0.15
1.416,4.56,5627.0,1833.0,0.895,185.506,-0.15
2.35,17.2,5708.0,584.0,0.91,185.506,-0.15
2.227,20.0,5627.0,485.0,0.895,185.506,-0.15
2.355,11.4,5708.0,578.0,0.91,185.506,-0.15
5.77,51.1,5667.0,1513.0,1.17,927.981,0.33
1.25,3.78,5667.0,1413.0,1.17,927.981,0.33
0.46,1.1,4909.0,857.0,0.803,107.796,0.11
0.567,1.7,4909.0,777.0,0.803,107.796,0.11
1.154,3.0,4909.0,686.0,0.803,107.796,0.11
2.17,4.7,4909.0,590.0,0.803,107.796,0.11
0.861,4.3,4909.0,495.0,0.803,107.796,0.11
3.486,9.8,6009.0,973.0,1.212,494.832,0.16
5.45,38.0,6009.0,434.0,1.212,494.832,0.16
1.536,3.8,5854.0,1592.0,1.238,525.997,0.321
1.536,3.51,5854.0,1593.0,1.238,525.997,0.321
1.597,9.39,5854.0,1379.0,1.238,525.997,0.321
1.597,10.0,5854.0,1378.0,1.238,525.997,0.321
0.86,3.8,5854.0,1173.0,1.238,525.997,0.321
0.86,7.7,5854.0,1173.0,1.238,525.997,0.321
2.903,8.6,5854.0,955.0,1.238,525.997,0.321
2.903,14.1,5854.0,955.0,1.238,525.997,0.321
2.49,4.9,5950.0,1276.0,1.094,474.861,-0.02
2.65,8.2,5950.0,859.0,1.094,474.861,-0.02
7.0840758,222.4798849,5914.0,352.2,1.118,657.223,0.237
8.059,29.875,6150.0,984.0,1.129,1455.57,-0.04
12.341,584.78,6150.0,704.0,1.129,1455.57,-0.04
19.660586,137.30256,5947.0,1480.0,1.166,881.386,0.07
19.122554,136.6669,5947.0,1485.0,1.157,881.386,0.07
0.64,0.07,3841.0,452.0,0.535,66.8624,-0.18
1.51,2.3,3841.0,410.0,0.535,66.8624,-0.18
1.51,2.1,3841.0,345.0,0.535,66.8624,-0.18
14.448401,221.20968,5595.0,1251.0,1.08,739.412,0.36
12.419572,1678.1424,6145.0,387.9,1.196,397.292,0.119
9.180171,158.915,5597.0,206.0,1.011,568.117,-0.088
2.213,5.4,6148.0,938.0,1.03,213.26,-0.24
5.02,48.6,5731.0,651.0,1.03,185.875,0.19
3.87,17.0,5100.0,243.0,0.841,410.607,-0.12
10.16,321.00669107,4884.0,134.4,0.777,341.908,0.02
14.68,778.65,5781.0,1570.0,1.04,720.753,0.26
14.68379,743.7222,5781.0,1712.0,1.066,720.753,0.26
11.94877343,1322.16617312,5746.0,253.8,1.132,835.455,0.196
0.853,2.4,6104.0,1299.0,1.187,259.935,0.01
2.209,6.1,5541.0,851.0,0.936,218.562,-0.13
1.868,9.7,5495.0,1105.0,0.948,282.563,0.07
1.773,9.7,5495.0,1187.0,0.929,282.563,0.07
1.91,8.7,5455.0,1014.0,0.912,282.563,0.01
3.07,16.1,5455.0,713.0,0.912,282.563,0.01
2.894,11.1,5495.0,828.0,0.929,282.563,0.07
3.047,12.75,5495.0,772.0,0.948,282.563,0.07
2.606,13.4,5495.0,430.0,0.929,282.563,0.07
2.75,20.1,5455.0,369.0,0.912,282.563,0.01
2.744,10.07,5495.0,401.0,0.948,282.563,0.07
0.868,3.08,5466.0,1040.0,0.912,282.563,0.02
0.821,0.76,5495.0,1004.0,0.929,282.563,0.07
0.952,1.4,5495.0,681.0,0.929,282.563,0.07
1.03,14.3,5466.0,705.0,0.912,282.563,0.02
1.639,5.08,6305.0,2025.0,1.408,108.522,-0.03
1.639,7.5,6305.0,2015.0,1.408,108.522,-0.03
1.6354,10.4,6131.0,1956.0,1.34,108.522,-0.15
2.38,36.0,5518.0,262.0,0.97,194.642,-0.29
2.1,9.1,5596.0,279.0,0.857,194.642,-0.255
1.381,3.9,6004.0,1838.0,1.015,454.883,-0.14
1.57,6.8,6004.0,1431.0,1.015,454.883,-0.14
1.486,4.45,5911.0,978.0,1.071,527.956,-0.2
3.679,8.08,5911.0,928.0,1.071,527.956,-0.2
0.3098,0.79,5357.0,718.0,0.79,63.9207,-0.36
0.755,1.3,5357.0,615.0,0.79,63.9207,-0.36
2.03,2.0,5357.0,499.0,0.79,63.9207,-0.36
4.3,122.0,5623.0,475.0,0.941,1174.59,-0.11
13.68,5720.7,6260.0,905.0,1.1,1057.41,-0.29
13.9,6388.1,6350.0,897.0,1.29,1057.41,0.1
12.240228,5689.157,6260.0,851.0,1.08,1057.41,-0.29
4.002,24.472,5857.0,1650.0,1.223,487.916,0.17
4.124912,23.83725,5857.0,1620.0,1.173,487.916,0.17
14.23543,673.7996,6510.0,1666.0,1.42,2305.01,0.1
16.14096,686.5128,6510.0,1744.0,1.46,2305.01,0.1
13.11,699.2,6510.0,1620.0,1.48,2305.01,0.1
1.199,6.0,5421.0,438.0,0.913,68.173,0.05
11.65736,177.9848,5620.0,1770.0,1.12,1093.08,0.29
14.46,177.98,5750.0,1790.0,1.15,1093.08,0.38
9.550068,156.69019,5660.0,1554.0,0.939,1093.08,-0.09
9.98,174.8,5620.0,1730.0,1.12,1093.08,0.29
15.031269,299.07803,5750.0,1850.0,1.167,1086.24,0.27
13.361,189.101,5560.0,1605.0,0.85,758.753,-0.1
10.962,79.45,5170.0,1070.0,0.93,646.647,0.24
12.22,108.06,5725.0,1300.0,0.91,843.695,-0.21
13.79,92.17,5800.0,1100.0,0.96,1017.8,-0.19
12.11,403.63,5150.0,1070.0,0.87,686.284,0.09
13.45,1026.55,6041.0,1637.0,1.32,1005.84,0.33
13.0,994.77,6050.0,1628.0,1.27,1005.84,0.4
13.663771,1026.5909,6041.0,1620.0,1.32,1005.84,0.33
12.498035,982.0947,6041.0,1603.0,1.24,1005.84,0.33
16.25,896.24,6360.0,1776.0,1.46,1878.31,-0.01
12.67,908.96,5977.0,1000.0,1.198,1222.54,0.25
22.31,266.97,6161.0,1729.0,1.538,1418.77,-0.18
13.9,324.17,5757.0,1603.0,1.19,1188.0,0.26
12.22,317.82,5800.0,1544.0,1.12,1188.0,0.15
13.4508,327.3649,5757.0,1568.0,1.21,1188.0,0.26
11.197791,158.915,3820.0,787.0,0.57,381.949,0.2
10.76,160.497,3820.0,1000.0,0.59,381.949,0.28
2.37,5.4,5687.0,916.0,1.03,230.869,0.32
9.057,1907.0,5155.0,543.0,0.902,777.06,0.41
16.04,671.864,6297.0,1868.0,1.374,899.777,0.04
15.984034,670.93913,6297.0,1750.0,1.374,899.777,0.04
13.56289,648.3732,6297.0,1692.0,1.296,899.777,0.04
2.215,12.9,5534.0,417.0,0.892,155.956,-0.09
2.215,10.6,5547.0,380.0,0.892,155.956,-0.03
8.373123,308.2951,5820.0,387.6,1.048,307.318,-0.01
4.74139884,116.00736855,5191.0,1089.0,0.889,728.525,0.152
11.57887706,2129.4503269,5191.0,251.0,0.889,728.525,0.152
14.616536,212.31044,5647.0,1460.0,1.209,587.039,0.34
13.103321,201.18639,5647.0,1451.0,1.114,587.039,0.34
14.83,212.619,5647.0,1500.0,1.209,587.039,0.34
1.31,9.0,4925.0,750.0,0.69,300.874,-0.37
0.54,4.0,4925.0,578.0,0.69,300.874,-0.37
1.95,14.0,4925.0,510.0,0.69,300.874,-0.37
1.61,36.0,4925.0,270.0,0.69,300.874,-0.37
1.41,35.0,4925.0,208.0,0.69,300.874,-0.37
2.31,8.3,5793.0,1280.0,1.079,144.166,0.12
2.357,8.03,5847.0,1275.0,1.057,144.166,0.11
0.979,1.3,5847.0,1052.0,1.057,144.166,0.11
16.567,137.615,5933.0,1540.0,1.347,922.562,0.11
18.180998,140.16303,5933.0,1630.0,1.359,922.562,0.11
18.483641,143.97699,5933.0,1619.0,1.413,922.562,0.11
17.956818,135.07775,5933.0,1621.0,1.28,922.562,0.11
10.76,200.22,6000.0,1078.0,1.18,1177.55,0.42
14.8,216.12,6050.0,1250.0,1.4,1177.55,0.34
11.77,3209.9,5200.0,767.0,0.91,835.356,0.3
11.55,3146.4,5330.0,850.0,0.88,835.356,-0.07
15.24424,638.8383,6409.0,2140.0,1.2,822.96,-0.1
10.761,136.661,5520.0,1440.0,0.95,639.411,0.2
1.201,1.68,5058.0,2223.0,0.779,124.376,-0.18
1.173,1.86,5058.0,2250.0,0.758,124.376,-0.18
15.906,191.643,6213.0,1764.0,1.213,1021.87,-0.055
15.479629,187.5197,6213.0,1662.0,1.23,1021.87,-0.055
15.871944,187.5197,6213.0,1680.0,1.213,1021.87,-0.055
8.08167508,298.75870258,5950.0,362.7,1.259,822.134,0.145
13.49,324.2,5600.0,478.0,1.1,1232.9,-0.17
6.14,6.4,5600.0,403.0,1.1,1232.9,-0.17
15.322703,257.4423,4550.0,2040.0,1.31,1294.69,0.11
1.478,4.02,5655.0,1037.0,1.0,95.9115,-0.15
1.478,3.8,5669.0,1037.0,0.911,95.9115,-0.18
1.478,4.66,5669.0,1133.0,0.911,95.9115,-0.18
1.39,4.6,3800.0,965.0,0.62,25.1496,0.04
1.63,4.07,3842.0,998.0,0.614,25.1496,-0.03
0.85,0.4,3415.0,627.0,0.273,10.6194,-0.46
0.8,1.01,3412.0,610.0,0.312,10.6194,-0.5
1.385,2.22,3415.0,553.0,0.273,10.6194,-0.46
1.35,2.42,3412.0,517.0,0.312,10.6194,-0.5
1.521,1.94,3415.0,416.0,0.273,10.6194,-0.46
1.57,2.31,3412.0,409.0,0.312,10.6194,-0.5
1.727,6.98,3216.0,235.0,0.179,14.9861,-0.24
1.73,5.6,3096.0,226.0,0.1844,14.9861,-0.15
1.43,6.65,3131.0,230.0,0.146,14.9861,-0.24
1.635,6.38,2988.0,378.9,0.191,14.9861,-0.262
1.272,1.91,3096.0,422.0,0.1844,14.9861,-0.15
1.282,1.81,3216.0,438.0,0.179,14.9861,-0.24
1.169,1.76,2988.0,708.9,0.191,14.9861,-0.262
1.242,2.33,3381.0,595.0,0.236,18.2276,-0.13
1.088,8.7,3643.0,617.0,0.502,29.8424,-0.12
4.7,30.8,3950.0,700.0,0.59,52.616,0.41
2.438,7.1,2960.0,324.4,0.139,26.4927,-0.09
1.032,0.9,2960.0,395.5,0.139,26.4927,-0.09
1.32,13.2,2850.0,396.0,0.118,32.4298,-0.028
1.367,25.3,2850.0,272.0,0.118,32.4298,-0.028
1.38,2.2,3337.0,433.0,0.256,6.86929,-0.34
1.305,2.87,3340.0,424.0,0.257,6.86929,-0.34
1.147,1.54,3340.0,508.0,0.257,6.86929,-0.34
1.332,2.62,3331.0,892.0,0.401,21.9814,0.28
1.35,2.34,3360.0,1000.0,0.379,21.9814,0.09
1.325,2.46,3358.0,903.0,0.381,21.9814,0.06
2.42,6.29,3360.0,397.0,0.379,21.9814,0.09
2.39,8.04,3358.0,359.0,0.381,21.9814,0.06
2.3,8.6,3331.0,353.0,0.401,21.9814,0.28
4.72,29.32,5480.0,1978.0,1.02,80.4373,0.25
4.72,29.32,5443.0,1978.0,0.77,80.4373,0.27
16.8135,1175.971,7554.0,2570.0,1.72,182.273,0.0
17.14977,985.273,7800.0,2100.0,1.75,170.696,0.0
14.90797,258.07796,3916.0,790.0,0.617,218.121,0.0
9.157753,109.33352,5050.0,435.0,0.862,190.422,0.22
11.747032,66.10864,5690.0,1257.0,1.021,446.442,-0.03
12.800678,1538.2972,5819.0,1605.0,1.3,647.595,0.25
4.976796,29.24036,5187.0,1143.0,0.898,322.148,0.1
12.32987877,238.68913366,5600.0,1146.0,0.995,786.485,0.15
14.57167491,211.99154747,5550.0,1177.0,1.002,898.168,0.35
13.89913607,242.82090295,5650.0,1457.0,1.025,1040.28,0.15
13.56286665,129.99181846,5610.0,1381.0,1.003,1096.19,0.15
17.878355,235.1942,6478.0,1468.0,1.64,356.391,-0.06
11.99360935,947.12865286,5980.0,688.0,1.47,382.898,0.15
14.90794433,750.07504052,4660.0,1357.0,0.72,592.891,-0.26
14.20177855,194.82881349,6057.0,1327.0,1.01,1074.95,-0.26
13.60770257,165.27077164,5820.0,1499.0,1.26,683.062,0.27
11.46678726,203.09235207,5321.0,1101.0,0.91,521.233,0.12
14.88552637,92.80589484,5550.0,1331.0,0.96,1093.69,0.2
15.64773706,188.47224535,5700.0,1783.0,1.07,942.122,0.0
10.40193409,305.11527072,5455.0,500.0,0.94,238.377,-0.03
18.38272835,1153.71711741,7437.0,1991.0,1.6,437.855,-0.11
3.18,20.6,5143.0,1650.0,0.75,280.555,-0.28
12.733424,72.78307,4987.0,952.0,0.661,306.779,0.12
14.863134,425.57437,4730.0,1283.9,0.767,308.262,0.11
12.21781,295.5819,5241.0,1345.0,0.89,428.976,0.24
11.99363,921.707,6330.0,1448.0,1.34,609.128,0.31
19.27948,216.1244,6075.0,1702.0,1.277,1344.97,0.28
12.072093,171.6282,5044.0,1034.0,0.833,1068.33,0.19
11.332299,174.8065,5044.0,1019.0,0.846,1068.33,0.19
12.453199,394.1092,4804.0,1355.0,0.768,566.459,0.15
12.195392,390.9309,4790.0,1342.0,0.755,566.459,0.09
13.45,375.02,6210.0,2013.0,1.305,2012.62,0.37
13.775861,371.8611,6210.0,1991.0,1.29,2012.62,0.37
14.01125,371.8611,6210.0,2017.0,1.297,2012.62,0.37
16.47723,336.8998,5924.0,1550.0,1.187,2501.75,0.37
14.145758,238.3725,6325.0,1686.0,1.312,1515.26,0.11
18.091326,1379.3822,6933.0,2039.0,1.42,1627.63,-0.05
18.304297,1398.452,6933.0,2034.0,1.427,1627.63,-0.05
6.18,169.0,6407.0,481.0,1.528,1033.16,0.21
9.33708092,87.08498352,5734.0,295.1,0.966,343.863,0.017
12.800678,410.95419,4910.0,1388.0,0.818,185.615,0.2
13.22662,422.7139,4910.0,1389.0,0.85,185.615,0.2
12.811887,411.27202,5013.0,1418.0,0.838,185.615,0.171
17.295487,233.92288,6124.0,1955.0,1.156,559.068,0.016
14.056,792.635,4645.0,1344.0,0.743,181.374,0.02
12.823,790.41,4645.0,1292.0,0.74,181.374,0.02
12.285064,1369.8473,6007.0,1681.0,1.145,735.601,-0.041
12.722215,1938.763,5215.0,1385.0,0.896,329.036,0.103
12.408363,1373.0256,5747.0,1415.0,1.128,367.658,0.377
11.903958,212.31044,5052.0,1006.0,0.822,100.848,-0.025
19.0553,597.5204,6387.0,2053.0,1.409,705.981,0.276
14.403565,117.91493,5738.0,1457.0,1.029,281.498,0.025
11.309881,378.2177,4309.0,1134.0,0.719,213.771,0.252
7.22979255,147.15455244,5844.0,703.0,1.035,189.875,0.156
12.520453,617.22586,5788.0,974.0,1.026,306.063,0.14
12.18416202,1379.37528638,5756.0,805.5,1.082,93.7345,0.318
13.31626907,1017.0509024,3572.0,872.0,0.563,90.5369,0.323
11.5004142,4049.13390518,5757.0,517.2,1.01,253.385,0.14
2.87,16.9,6146.0,1135.0,1.204,129.804,0.14
2.265,10.15,5328.0,1077.0,0.94,82.1733,0.14
2.587,13.5,4734.0,784.0,0.748,68.0726,0.05
2.651,2.5,4734.0,634.0,0.748,68.0726,0.05
1.791,9.95,3875.0,1323.0,0.604,61.4592,-0.08
14.57167491,1064.72516345,6311.0,1728.0,1.35,281.314,-0.1
3.56,19.28,4350.0,632.17,0.712,58.2609,0.3
3.66,19.8,4360.0,825.0,0.745,58.2609,0.11
16.8135,309.56642,4250.0,637.0,0.684,58.2609,0.2
13.32,325.69,4350.0,497.7,0.712,58.2609,0.3
13.0,336.0,4360.0,650.0,0.745,58.2609,0.11
9.02,51.42,6122.0,1198.9,1.125,114.048,0.0
1.9,31.0,5805.0,1216.0,1.0404,84.5362,0.075
2.76948277,7.6,5805.0,965.39,1.0404,84.5362,0.075
4.62115423,12.3,5805.0,766.21,1.0404,84.5362,0.075
2.5456702,24.0,5805.0,669.11,1.0404,84.5362,0.075
3.73591482,32.0,5805.0,598.11,1.0404,84.5362,0.075
2.53,12.2,5805.0,574.0,1.0404,84.5362,0.075
9.01941098,28.3,5415.0,868.95,0.945,132.353,0.191
9.19,27.4,5350.0,868.0,0.911,132.353,0.139
2.5064654,32.0,5158.0,713.83,0.8425,94.6375,-0.002
3.03617429,10.0,4804.0,638.18,0.7795,72.0238,0.067
16.1966394,377.0,6046.0,1942.12,1.4577,302.819,0.395
2.40974309,6.8,4617.0,715.47,0.7271,58.5946,0.017
8.71664516,120.0,5394.0,1264.29,0.9835,149.667,0.348
8.5972882,144.92975359,5446.0,1391.0,1.007,149.667,0.29
10.5140239,75.96098927,5710.0,1486.0,1.23,248.427,0.44
2.415,6.28,3476.0,703.0,0.512,37.8871,0.05
2.91,1112.3994245,5592.0,440.0,0.93,138.411,0.06
3.65,15.4,3553.0,329.6,0.485,27.6227,0.041
1.694,5.9,3997.0,775.0,0.63,39.6345,0.33
1.738,6.91,3872.0,754.0,0.64,39.6345,0.05
2.37611439,6.6,4722.0,714.86,0.7528,102.551,0.034
3.01,8.1,5151.0,955.0,0.87,169.422,0.17
2.51,8.8,5151.0,860.0,0.87,169.422,0.17
2.45109846,9.1,5213.0,862.49,0.8889,169.422,0.168
3.43139739,5.4,5213.0,587.77,0.8889,169.422,0.168
3.51,5.3,5151.0,586.0,0.87,169.422,0.17
3.5141875,14.5,5213.0,463.98,0.8889,169.422,0.168
3.78,14.8,5151.0,462.0,0.87,169.422,0.17
6.8084859,27.4,5205.0,952.09,0.9042,168.735,0.223
3.2710301,11.9,5497.0,726.89,1.0062,139.49,0.297
2.726,9.5,5320.0,1037.0,0.859,111.059,-0.02
2.759,6.63,5320.0,827.8,0.859,111.059,-0.02
2.93,13.6,5320.0,638.1,0.859,111.059,-0.02
11.45557828,140.16232749,4775.0,963.0,0.744,118.106,-0.5
2.34,8.6,4227.0,860.0,0.66,73.5977,-0.1
2.41,8.56,4227.0,871.0,0.679,73.5977,-0.1
2.82,11.8,4227.0,643.0,0.66,73.5977,-0.1
2.76,13.2,4227.0,651.0,0.679,73.5977,-0.1
3.12,11.84,4227.0,499.0,0.679,73.5977,-0.1
2.52,4.46,3563.0,415.0,0.437,36.0118,-0.109
2.458,15.9,3573.0,410.0,0.437,36.0118,-0.08
2.37,13.5,3600.0,413.0,0.45,36.0118,-0.5
2.62,4.23,3618.0,425.0,0.431,36.0118,-0.195
1.673,6.4,3573.0,347.1,0.437,36.0118,-0.08
1.56,2.2,3600.0,344.0,0.45,36.0118,-0.5
1.98,3.17,3563.0,346.0,0.437,36.0118,-0.109
2.13,2.88,3618.0,354.0,0.431,36.0118,-0.195
9.1,96.4,5300.0,918.9,0.96,109.557,0.36
2.40144286,6.4,5499.0,1004.9,0.9027,172.138,-0.049
4.14,24.6,4985.0,961.0,0.851,137.572,0.17
4.13204907,27.0,5065.0,975.0,0.8772,137.572,0.182
11.09689089,70.55790635,5690.0,1211.0,1.06,177.118,0.07
2.66146528,10.6,5457.0,759.0,0.8784,107.055,-0.079
4.96846551,44.1,5388.0,1203.44,0.9552,114.865,0.257
5.24,42.0,5225.0,1266.0,0.89,114.865,0.07
10.12369881,63.9,5718.0,1392.74,1.1578,332.648,0.283
15.69257298,451.31633794,6280.0,2360.0,1.38,388.227,0.26
14.11645916,95.3,5567.0,1414.84,1.1576,323.265,0.405
13.79825524,94.71286529,5603.0,1562.0,1.17,323.265,0.44
9.42675277,113.14691289,5889.0,1388.0,1.44,319.036,0.49
9.65807033,99.0,5752.0,1278.0,1.2187,319.036,0.397
3.42,22.4,5397.0,1395.0,0.97,163.678,0.16
15.647764,753.2571,6274.0,1679.0,1.464,200.492,0.119
1.81434694,12.2,5493.0,1698.5,0.9279,147.476,0.017
1.8,11.1,5464.0,1400.0,0.913,147.476,0.04
1.6,6.4,5464.0,1000.0,0.913,147.476,0.04
1.67761121,9.0,5493.0,950.08,0.9279,147.476,0.017
6.2163865,45.8,5735.0,615.03,1.0363,146.858,0.149
6.05284958,47.03860424,5793.0,676.4,1.038,146.858,0.164
3.10083009,12.5,4635.0,1236.7,0.7941,72.7512,0.328
1.19880592,2.0,4115.0,976.4,0.6045,32.4778,0.012
1.62,3.48,4884.0,1517.0,0.798,55.0135,0.08
11.89,25.1,5510.0,957.0,0.987,201.918,0.28
3.96,9.0,5840.0,867.0,0.981,155.141,-0.09
3.93681551,12.1,5811.0,789.51,0.9903,155.141,-0.028
16.70138124,991.62462984,7690.0,2370.0,1.9,148.925,0.09
2.43471042,10.4,5986.0,794.23,1.012,103.297,-0.159
4.2427861,38.5,5841.0,748.4,1.2313,230.306,0.226
2.30381001,30.0,5224.0,520.66,0.7663,85.8034,-0.294
1.41792246,3.58,5460.0,2130.02,0.9513,125.463,0.146
2.749,19.5,3412.0,426.0,0.372,73.3345,0.37
1.13,1.258,3437.0,722.0,0.48,22.4467,-0.12
2.61143902,15.2,5801.0,723.33,1.0022,91.9362,0.019
1.672,4.82,3185.0,326.0,0.249,30.5212,-0.07
1.173,2.32,4975.0,944.2,0.715,78.7415,-0.31
2.224,2.95,4975.0,819.8,0.715,78.7415,-0.31
1.6759955,9.0,3776.0,506.07,0.4518,37.4418,-0.062
1.28,3.21,3496.0,682.2,0.339,24.7399,-0.04
2.064,6.64,3496.0,337.5,0.339,24.7399,-0.04
2.18,7.32,3709.0,734.0,0.471,51.9503,0.0
2.47,7.24,3709.0,373.0,0.471,51.9503,0.0
4.15964583,16.5,5133.0,811.14,0.9154,121.84,0.287
11.88154,270.47333,5597.0,918.0,0.947,152.892,0.078
14.067295,797.7533,6255.0,1404.5,1.351,336.267,0.28
15.46842,556.2025,6003.0,1493.0,1.249,336.267,0.235
21.01683881,731.0053361,7300.0,2492.0,1.79,225.888,-0.1
14.414774,375.0394,5404.0,1588.0,0.948,355.683,0.24
14.19902343,387.0,5982.0,1493.97,1.5055,336.608,0.343
13.887951,314.6517,5948.0,1619.0,1.517,336.608,0.329
16.690201,387.7526,6495.0,1669.0,1.4352,411.719,0.22
1.79,4.91,3550.0,924.0,0.502,35.2736,0.23
1.749,10.14,3472.0,920.0,0.451,35.2736,0.19
2.2963977,13.0,5497.0,1285.16,0.9867,111.276,0.274
2.06,41.31769291,6170.0,1062.0,1.21,168.067,0.09
11.06326395,200.23189641,6170.0,684.0,1.21,168.067,0.09
1.7,3.09,3434.0,1069.0,0.495,37.6153,-0.13
1.468,3.03,3575.0,1062.0,0.454,37.6153,0.3
1.7,3.78,3434.0,1069.0,0.495,37.6153,-0.13
1.459,3.43,3461.0,1052.0,0.46,37.6153,0.14
12.172974,251.40353,5880.0,1715.0,1.147,407.84,0.24
3.56505068,14.6,5642.0,703.49,0.9581,111.445,0.052
5.3422266,31.3,5058.0,943.19,0.853,124.68,0.131
2.03,5.5,3650.0,590.0,0.54,45.1309,0.0
1.9,6.36,3690.0,698.0,0.513,45.1309,0.0
3.09,48.8,3185.0,489.0,0.255,64.9172,0.336
3.24,56.6,3168.0,533.0,0.27,64.9172,0.19
5.15,18.4,5730.0,730.0,0.99,81.2271,0.12
5.20315158,22.4,5684.0,602.99,1.0258,81.2271,0.147
10.816685,1722.6386,5645.0,1198.0,1.128,342.831,0.148
3.29206019,10.4,5743.0,782.98,1.0378,100.727,0.159
5.05,26.78,3980.0,767.0,0.646,60.798,0.25
2.44,12.8,5807.0,1076.0,1.08,88.9482,0.138
3.18175535,12.3,5636.0,1099.79,1.0373,88.9482,0.148
3.05,11.9,5670.0,1186.0,1.06,88.9482,0.13
2.36507598,9.7,5815.0,694.09,1.0861,72.8871,0.193
1.39,57.0,3985.0,831.0,0.58,99.5561,-0.26
2.12,14.0,3985.0,673.0,0.58,99.5561,-0.26
2.52,15.0,3985.0,533.0,0.58,99.5561,-0.26
2.9507845,19.5,5970.0,651.64,0.9382,113.335,-0.373
2.47852533,16.6,5621.0,1005.43,0.9483,226.671,0.026
3.5573684,6.9,5151.0,551.44,0.8253,96.6215,-0.02
3.12029598,15.0,3930.0,387.96,0.5666,40.0654,0.082
3.14,10.8,4065.0,443.0,0.606,40.0654,0.05
3.06,6.8,3972.0,433.0,0.61,40.0654,0.1
8.04728896,96.0,5284.0,707.89,0.9218,149.234,0.162
1.21612741,1.4,5785.0,1269.21,0.9196,44.647,-0.193
1.152,1.5,4316.0,1040.0,0.65,62.699,-0.23
1.669,4.77,4316.0,873.0,0.65,62.699,-0.23
2.572,3.01,4316.0,690.0,0.65,62.699,-0.23
2.207,3.86,4316.0,600.0,0.65,62.699,-0.23
2.287,7.72,4316.0,521.0,0.65,62.699,-0.23
2.87,3.94,4316.0,470.0,0.65,62.699,-0.23
16.14093221,222.4798849,5991.0,1927.0,1.507,229.067,0.373
3.29701268,8.7,5631.0,992.91,0.9698,155.791,0.035
2.38506569,6.5,5106.0,734.31,0.8543,113.181,0.073
1.39939037,5.6,5106.0,1935.83,0.8543,113.181,0.073
1.42238884,4.0,5698.0,922.72,0.9406,62.1274,-0.064
2.079,5.738,3863.0,493.7,0.556,30.6796,-0.19
1.96061882,16.0,3748.0,431.03,0.5051,30.6796,0.154
1.49681583,2.44,4914.0,1694.1,0.8048,42.5775,0.044
6.9559,46.1687,4994.0,895.1,0.822,96.2338,0.272
11.14172682,308.9292116,4766.0,962.2,0.817,128.23,0.306
12.778238,731.0053361,5734.0,1375.0,1.04,248.504,0.14
7.5406241,67.4,4927.0,423.63,0.8414,71.6456,0.243
2.7438269,16.0,5165.0,528.67,0.8801,59.4314,0.124
8.28055741,24.7,6237.0,889.51,1.2518,191.649,-0.136
8.00321222,38.45723725,6380.0,966.0,1.307,191.649,-0.101
2.59987579,8.0,6237.0,2007.6,1.2518,191.649,-0.136
12.3485023,89.4,6039.0,1199.55,1.4643,223.465,0.332
3.46,73.2,4985.0,1479.0,0.837,165.105,0.11
18.49481816,360.09958513,5359.0,1701.0,0.987,176.833,0.399
9.39553231,129.0,6241.0,674.54,1.2484,79.6682,-0.095
11.09689089,212.94503269,3926.0,378.0,0.632,128.438,0.28
12.89035,209.7678,3841.0,362.0,0.627,128.438,0.31
13.97759893,638.83509807,5814.0,2097.0,1.072,415.135,0.196
13.67495645,7024.0077947,7700.0,2290.0,1.86,515.603,-0.01
2.7,11.0,5611.0,1488.0,1.082,175.713,0.439
8.14,81.7,5611.0,1038.0,1.082,175.713,0.439
11.298672,133.4886,6394.0,759.0,1.316,113.825,0.24
11.81426566,408.7273314,5929.0,400.2,1.112,109.19,0.168
3.309,9.2,3297.0,530.9,0.3041,47.3444,-0.31
3.39,16.4,3194.0,512.0,0.342,47.3444,0.05
5.33275337,34.4,5626.0,917.46,1.1832,198.007,0.409
12.52043144,1398.4449908,5880.0,1167.0,1.32,335.985,0.18
11.89272852,1144.1822652,5977.0,1166.0,1.199,335.985,0.15
2.77062554,16.1,5192.0,687.68,0.8557,41.9091,0.02
3.69441587,55.0,5192.0,543.16,0.8557,41.9091,0.02
3.43087751,29.0,5192.0,457.68,0.8557,41.9091,0.02
3.6831179,37.0,5081.0,300.33,0.9027,126.46,0.339
1.25,4.1,3759.0,347.0,0.44,41.9176,-0.24
1.33,7.4,3759.0,297.0,0.44,41.9176,-0.24
13.57407563,263.79757781,5627.0,1397.0,0.961,236.705,0.07
15.098497,1595.49860314,6540.0,3646.0,1.453,262.041,0.068
2.122,6.8,3131.0,384.0,0.211,32.1755,0.39
2.08874836,4.5,5968.0,780.53,1.0251,36.578,-0.07
2.69,9.13,4580.0,666.0,0.744,22.6202,0.12
7.27,41.89,4580.0,306.0,0.744,22.6202,0.12
2.2,4.7,3373.0,378.0,0.3272,33.3631,0.02
2.09,15.0,3366.0,403.0,0.34,33.3631,-0.02
2.19,6.37,3342.0,395.0,0.34,33.3631,0.03
3.05,24.0,5659.0,722.0,0.94,77.682,-0.12
12.41899699,1767.0,6200.0,1363.43,1.7169,224.731,0.285
11.98240037,1671.77742082,6177.0,1484.0,1.72,224.731,0.247
14.35870428,899.45439181,6630.0,1802.0,1.516,303.006,0.282
16.28664896,292.40213444,6280.0,1580.0,1.233,296.46,0.011
10.76062147,260.61929374,5673.0,1188.0,1.12,198.473,0.47
11.29,200.0,5026.0,497.0,0.874,177.945,0.32
7.69,30.0,5026.0,628.0,0.874,177.945,0.32
11.32107051,875.61726129,5695.0,348.0,1.111,116.685,0.253
19.83989584,298.75870258,5966.0,1763.0,1.082,337.064,0.027
3.51,26.0,5634.0,1860.0,1.032,259.947,0.14
3.03,13.8,5298.0,805.0,0.825,90.7402,-0.217
11.1529358,203.41018048,6101.0,1259.0,1.296,373.345,0.181
14.36991326,502.16888306,6248.0,1688.0,1.343,355.59,0.119
1.74,19.5,3491.0,284.0,0.454,42.409,-0.05
16.47720163,278.09985612,5730.0,747.0,1.168,126.279,0.316
9.97599282,50.85254512,5525.0,842.0,0.95,231.782,0.09
11.2089807,1900.61387386,5581.0,799.0,0.99,313.996,0.22
8.60849718,71.51139158,5306.0,1091.0,0.954,219.614,0.344
10.83908434,206.58846455,5360.0,1000.0,0.897,210.915,0.1
10.42435205,2955.8041851,5651.0,860.0,1.041,508.686,0.3
6.81,56.64,4802.0,885.0,0.75,134.655,0.15
11.72459381,1830.69162432,3707.0,624.0,0.645,211.247,0.501
1.402,3.4,5059.0,1311.0,0.79,80.5407,-0.114
2.18,6.7,5059.0,696.0,0.79,80.5407,-0.114
11.48920522,624.85064816,3943.0,889.7,0.635,191.51,0.332
2.86,15.6,3100.0,449.0,0.166,55.419,-0.26
9.86390302,953.485221,5808.0,1080.0,1.118,557.733,0.32
10.36830715,105.83685953,5607.0,1534.0,1.131,327.927,0.19
1.52,2.68,3433.0,458.0,0.428,22.0337,-0.39
2.363,4.8,4375.0,519.0,0.642,23.9258,-0.29
9.60609646,124.90656395,5730.0,414.0,1.034,148.987,0.18
2.83,13.31,6005.0,1509.4,1.05,112.958,-0.1
11.14172682,1531.93292174,7360.0,1595.0,1.859,285.289,0.094
6.06,34.62,5905.0,1443.0,1.12,275.265,0.167
11.2089807,203.41018048,5831.0,1100.0,1.007,438.842,0.06
11.54525012,743.71847238,5802.0,636.0,1.11,296.271,0.1
11.25381662,415.40172795,4870.0,338.0,0.771,184.986,0.08
10.92875618,63.88350981,5611.0,1352.0,1.13,504.775,0.241
7.16253867,43.86032017,6095.0,1027.0,1.407,76.9028,0.175
13.64132951,260.61929374,5771.0,1431.0,1.063,361.857,0.191
17.37392009,200.23189641,6120.0,2410.0,1.33,379.253,0.26
14.4595851,79.45710175,5936.0,1456.0,1.215,566.189,0.158
12.07207221,69.28659273,5760.0,1445.0,1.15,373.675,0.13
12.10569916,1112.3994245,5579.0,592.0,0.93,200.273,0.12
1.47291596,3.3,4050.0,438.59,0.5485,20.1852,-0.211
1.71,4.23,4026.0,493.0,0.616,20.1852,-0.47
18.10250383,122.6817651,6100.0,1387.0,1.16,344.045,-0.15
2.77,8.8,3514.0,531.0,0.3917,57.0225,-0.29
1.206,1.58,3506.0,581.0,0.386,22.4793,-0.2
2.355,6.15,3506.0,488.0,0.386,22.4793,-0.2
2.133,4.78,3506.0,387.0,0.386,22.4793,-0.2
13.72,228.0,5665.0,1603.0,1.07,597.873,0.3
17.26183028,139.84449908,5764.0,1205.0,1.063,350.343,0.239
18.11371281,309.88269682,6280.0,1893.0,1.118,494.818,-0.105
15.27784069,225.65816897,5721.0,1376.0,0.977,312.674,-0.02
12.84549188,117.59651059,5910.0,1471.0,1.135,460.995,0.233
1.42,4.53,5152.0,979.0,0.832,59.2293,-0.05
1.88,3.72,5152.0,475.0,0.832,59.2293,-0.05
13.4,638.0,5940.0,1358.0,1.03,527.789,-0.11
16.43236571,197.05361234,5760.0,1596.0,1.12,389.916,0.085
7.16,68.2,6177.0,2155.0,1.29,485.219,0.35
11.39953337,211.35589065,3388.8,604.0,0.3939,72.811,0.264
3.82,30.3,5068.0,1722.0,0.861,300.141,0.138
4.94057819,40.4,5614.0,1213.02,1.0678,284.388,0.205
3.2,57.2,5251.0,1871.0,0.88,222.852,0.256
15.55806521,176.07693748,5850.0,1616.0,1.041,285.895,-0.103
12.97999965,721.47048389,5609.0,1488.0,1.016,217.193,0.148
12.22899794,530.77343969,5706.0,1264.0,1.186,277.899,0.387
3.22,8.97,5844.0,1102.0,1.023,96.7224,0.03
5.3,26.4,4969.0,899.0,0.78,197.906,-0.01
8.29464572,82.63538582,3870.0,690.0,0.63,130.091,0.4
8.29464572,77.2323029,3865.0,711.0,0.635,130.091,0.549
13.08088048,311.47183886,5950.0,1534.0,1.199,396.378,0.262
12.59889431,324.18497514,5321.0,801.0,0.867,176.436,0.071
11.32107051,222.4798849,3660.0,750.0,0.53,112.71,0.1
11.14172682,218.98377242,3652.0,764.0,0.522,112.71,0.39
12.0,85.3,3913.0,759.0,0.64,181.139,0.0
5.14,14.95,3576.0,582.0,0.52,79.7634,0.099
18.49481816,330.54154328,5772.0,1646.0,1.181,421.745,0.278
13.13692538,352.78953177,5859.0,1633.0,1.242,558.141,0.273
10.87271128,187.51876013,5905.0,1178.0,0.89,311.705,-0.26
6.43,32.59,3180.0,441.0,0.298,43.1448,0.04
6.0,16.5,3269.0,463.0,0.2813,43.1448,0.23
15.22179579,270.15414595,6000.0,1519.0,1.138,417.365,0.021
15.15454191,279.68899816,6000.0,1504.0,1.138,417.365,0.021
15.27784069,260.61929374,6000.0,1531.0,1.138,417.365,0.021
14.28024141,129.03833324,5725.0,1512.0,1.088,465.992,0.187
12.31866979,1233.17421916,6100.0,1198.0,1.208,604.591,0.175
12.27383387,55.61997123,5975.0,1295.0,1.254,516.087,0.182
7.9,44.0,3476.0,563.0,0.49,108.883,0.18
3.02,11.0,4960.0,1441.0,0.88,177.504,0.37
5.93,20.31,4960.0,907.0,0.88,177.504,0.37
6.18,38.15,4960.0,650.0,0.88,177.504,0.37
1.32,2.08,3392.0,584.0,0.408,31.0597,-0.02
2.08,6.57,3392.0,368.0,0.408,31.0597,-0.02
13.04725353,232.01473711,6060.0,1458.0,1.178,301.676,0.237
1.362,13.71,6169.0,1241.0,1.098,62.7792,-0.08
2.328,9.72,6169.0,931.0,1.098,62.7792,-0.08
12.28504285,731.0053361,6096.0,605.1,1.23,319.632,0.14
13.57407563,457.67290608,6202.0,1570.0,1.313,334.993,0.182
13.30506009,136.66621501,5281.0,1074.0,0.905,205.387,0.168
16.11851425,365.50266805,6860.0,1669.0,1.572,423.84,0.317
12.66614819,816.81900599,3926.0,750.0,0.626,189.011,0.433
12.69,825.0,3920.0,739.0,0.63,189.011,0.3
13.67495645,788.21444936,3794.0,725.0,0.61,189.011,0.52
2.68,7.17,5325.0,981.4,0.852,74.7969,-0.02
2.64,6.7,5291.0,922.0,0.833,74.7969,-0.044
5.09,14.1,5291.0,635.0,0.833,74.7969,-0.044
5.09,16.42,5325.0,673.6,0.852,74.7969,-0.02
1.28,3.07,4850.0,1862.0,0.78,32.5686,0.2
3.29,9.9,4850.0,633.0,0.78,32.5686,0.2
11.2089807,95.3485221,6219.0,904.0,1.19,261.834,0.1
2.52,5.4,3422.0,435.0,0.368,30.0346,-0.19
13.26022417,252.35575516,5640.0,1395.0,1.056,173.117,0.25
12.17,637.0,5433.0,705.0,0.949,193.499,0.05
12.53,732.0,6096.0,318.0,1.192,339.605,0.08
6.8,959.84178914,5170.0,347.0,0.89,216.056,0.16
9.42,2946.26933289,5170.0,191.0,0.89,216.056,0.16
11.67975789,4096.80816623,6264.0,1677.0,1.765,225.643,0.342
12.44196858,734.18362017,6058.0,1472.0,1.242,328.802,0.207
2.85372018,20.8,6174.0,1198.94,1.2793,54.5306,0.164
11.09691,486.2799,5735.0,1370.0,1.14,179.366,0.26
8.47398941,212.94503269,3390.0,624.0,0.3357,80.1423,0.3
8.7,86.7,3260.0,694.0,0.34,80.1423,0.27
12.87,227.0,5805.0,894.0,1.03,299.89,-0.13
8.54124329,88.99195396,5640.0,717.6,1.005,329.304,0.165
1.166,1.42,4440.0,1617.0,0.74,47.3924,0.12
6.25,32.7,5749.0,1040.0,0.97,207.891,0.15
10.76062147,642.01338214,5909.0,1056.0,1.02,204.429,-0.15
3.48935569,16.14568308,4780.0,550.0,0.789,82.857,0.082
3.2,16.0,5070.0,615.0,0.8,82.857,0.2
6.6,32.0,5808.0,1180.0,1.1,130.919,0.2
11.98240037,921.7023803,6160.0,976.0,1.469,392.259,0.065
1.54,3.57,5277.0,1009.0,0.74,67.3975,-0.11
11.88151954,1036.12060682,6300.0,906.0,1.24,390.484,0.12
11.54525012,147.15455244,3322.0,687.0,0.335,115.557,0.27
11.87031056,166.85991368,3354.0,754.0,0.372,115.557,0.265
11.6,343.0,3430.0,737.0,0.392,86.4493,0.0
9.86,657.0,4230.0,783.0,0.739,377.483,0.41
12.778238,743.71847238,6500.0,1772.0,1.389,609.388,-0.104
11.9,170.4,3586.0,675.0,0.54,162.229,-0.03
9.30345398,127.1313628,3659.0,565.0,0.53,148.762,0.376
13.5292397,1080.6165838,6240.0,1682.0,1.483,629.161,0.03
13.09208946,1182.32167404,6240.0,1648.0,1.483,629.161,0.03
13.19297028,1160.07368555,6240.0,1655.0,1.483,629.161,0.03
5.82,61.5,3927.0,867.0,0.639,135.047,0.338
10.60369574,130.94530368,3747.0,689.0,0.612,138.367,0.425
9.7,135.0,3770.0,679.0,0.59,138.367,0.48
10.3,58.7,6000.0,947.0,1.146,130.855,0.09
3.52,11.8,6000.0,1242.0,1.146,130.855,0.09
2.018,2.89,4169.0,999.0,0.631,41.1166,-0.17
11.30986153,419.53349724,5700.0,441.0,0.89,348.849,-0.21
12.17295304,1147.36054927,6466.0,1061.0,1.349,402.63,-0.004
12.22899794,1910.14872607,5925.0,1180.0,1.026,233.266,-0.069
1.45,3.2,5326.0,2480.0,0.805,85.799,-0.41
1.425,2.0,5372.0,2310.0,0.806,85.799,-0.4
1.45661206,3.0,5342.0,2134.77,0.7601,85.799,-0.303
2.91,5.39,5372.0,800.0,0.806,85.799,-0.4
2.92706747,6.9,5342.0,738.68,0.7601,85.799,-0.303
2.9,7.0,5326.0,860.0,0.805,85.799,-0.41
2.72148317,11.0,5342.0,552.84,0.7601,85.799,-0.303
2.82,13.2,5372.0,598.0,0.806,85.799,-0.4
2.55,12.6,5372.0,415.0,0.806,85.799,-0.4
10.78,624.0,3996.0,939.0,0.666,390.415,0.14
10.42,588.0,3896.0,837.0,0.556,306.144,-0.27
11.43318,464.98529,5640.0,1714.0,0.998,199.581,0.143
4.91,20.0,5485.0,513.0,0.905,165.393,0.0
10.3,124.0,3713.0,742.0,0.6,226.318,0.47
1.09,4.3,3325.0,708.0,0.383,35.8256,0.03
8.54,73.0,6235.0,1040.0,1.23,192.475,0.08
1.03,4.0,3075.0,707.0,0.23,23.1008,0.3
13.67495645,371.85923619,6110.0,1890.0,1.31,364.715,0.28
11.92,254.0,3635.0,714.0,0.514,117.992,-0.09
6.41,78.5,6110.0,1439.0,1.291,179.147,0.124
14.3474953,333.71982735,6110.0,1750.0,1.31,220.882,0.28
18.97680433,138.25535705,6850.0,1666.0,1.449,360.408,-0.1
9.2362001,96.30200732,6400.0,1388.0,1.313,123.297,0.09
11.88154,2011.8639,6250.0,1586.0,1.311,178.68,0.258
19.2794468,181.16219199,6460.0,1816.0,1.536,341.997,0.072
19.851139,279.6904,6460.0,1749.0,1.536,341.997,0.072
10.98480109,235.19302118,5463.0,833.0,0.97,320.527,0.36
2.27,4.45,3681.0,674.0,0.514,64.2308,0.07
2.26,3.65,3681.0,553.0,0.514,64.2308,0.07
1.92,5.2,3681.0,482.0,0.514,64.2308,0.07
5.09,61.0,5940.0,1493.0,1.323,212.128,0.225
2.6,9.8,5600.0,1235.0,0.9,142.867,-0.06
2.58606487,10.0,5597.0,1124.85,0.9245,142.867,0.001
5.25,23.6,3514.0,635.0,0.42,46.0851,0.17
13.11453,392.83788,6295.0,1252.0,1.181,141.812,0.0
1.992,5.72,5585.0,1055.8,0.956,75.2092,-0.04
2.5,10.5,5278.0,641.0,0.8,60.3418,-0.27
8.33948164,79.77493016,3266.0,555.4,0.442,98.4458,0.357
2.28,9.79,5450.0,1038.0,0.917,95.1274,0.01
2.63,9.32,5450.0,800.0,0.917,95.1274,0.01
1.798,5.0,3725.0,520.0,0.542,27.1701,-0.21
1.85,4.0,3709.0,514.0,0.544,27.1701,-0.2
2.047,6.9,3725.0,420.0,0.542,27.1701,-0.21
2.02,5.3,3709.0,415.0,0.544,27.1701,-0.2
15.4,878.0,6643.0,1561.0,1.4,161.743,0.0
2.734,19.1,3370.0,435.0,0.397,52.5122,0.34
2.94,7.6,4869.0,686.0,0.776,59.7117,-0.09
2.62,23.5,4869.0,469.0,0.776,59.7117,-0.09
2.926,18.467,4600.0,1253.0,0.71,63.9262,-0.092
1.704,4.53,4552.0,871.0,0.678,27.5024,-0.284
2.587,9.6,4552.0,665.0,0.678,27.5024,-0.284
9.16894621,120.45696625,5995.0,995.3,1.142,142.488,0.01
9.71,116.0,6000.0,1022.0,1.109,142.488,-0.05
14.06727078,349.6112477,5842.0,1529.0,1.081,250.489,0.153
11.99363,301.9385,6261.0,1397.0,1.28,340.543,0.24
13.125739,211.99261,5570.0,1192.0,0.968,158.649,0.14
3.186,16.137,5626.0,1317.0,0.95,175.748,0.08
9.550068,55.30242,5710.0,1526.0,1.201,238.768,0.215
2.765,9.1,4435.0,941.0,0.734,77.2554,0.175
12.318691,241.86863,5226.0,1147.0,0.892,159.658,0.06
11.96,238.998,5230.0,1140.0,0.878,159.658,0.02
13.372337,383.30298,5850.0,1466.0,0.991,215.32,-0.15
13.775861,398.24099,5795.0,1466.0,1.049,215.32,0.06
14.134549,398.24099,5795.0,1467.0,1.049,215.32,0.06
13.977623,380.44251,5850.0,1470.0,0.98,215.32,-0.15
14.68379,603.55917,5650.0,1638.0,0.921,231.337,-0.19
14.627745,607.0553,5650.0,1630.0,0.929,231.337,-0.19
14.706208,615.95454,5650.0,1623.0,0.915,231.337,-0.19
20.28829,278.73691,6200.0,1861.0,1.292,515.98,0.14
19.626959,292.4036,6200.0,1785.0,1.394,515.98,0.14
20.602142,157.00802,6295.0,1795.0,1.45,515.98,0.28
19.447615,285.09351,6200.0,1805.0,1.339,515.98,0.14
13.383546,568.9157,5171.0,1480.0,0.901,360.313,0.2
16.634156,273.3338,6110.0,1800.0,1.243,393.072,0.23
16.735037,311.4734,6213.0,1830.0,1.265,393.072,0.17
11.960003,1004.3428,4675.0,972.0,0.752,140.998,0.03
18.94,645.17,6900.0,2190.0,1.57,364.411,-0.03
15.8,158.91,6400.0,1560.0,1.34,201.224,0.2
14.90794433,197.68926915,5990.0,1671.0,1.08,535.689,-0.2
17.127,473.547,6110.0,2508.0,1.22,375.647,0.06
12.745,404.263,5475.0,1516.0,1.076,185.932,0.32
10.76064,572.094,5070.0,900.0,0.89,169.272,0.28
12.162,611.797,6055.0,1140.0,1.192,352.181,-0.09
10.53646,38.1396,4430.0,770.0,0.69,64.7414,0.02
10.20019,168.4499,4800.0,960.0,0.77,124.73,0.0
11.09691,156.37236,4900.0,992.0,0.806,124.73,0.12
15.793481,150.96925,5890.0,1496.0,1.318,435.156,0.1
15.008851,562.24127,5940.0,2043.0,1.289,523.337,0.14
13.67495645,203.41018048,6250.0,1414.0,1.25,559.243,0.0
11.444,87.5585,6038.0,1001.0,1.129,157.963,-0.11
16.14096,163.36462,6410.0,1729.0,1.32,376.658,0.16
15.6926,390.9309,5650.0,1600.0,1.02,302.448,0.14
20.456425,454.4969,6250.0,2523.0,1.38,427.246,0.32
21.2971,467.2101,6360.0,2580.0,1.434,427.246,0.33
19.39157,444.962,6154.0,2510.0,1.17,427.246,0.21
20.389171,448.1403,6300.0,2601.0,1.35,427.246,0.3
16.510857,1541.4755,6450.0,1880.0,1.393,381.174,-0.05
20.904785,375.99289,6459.0,2358.0,1.353,269.898,0.13
14.773462,285.72917,5740.0,1520.0,1.166,197.996,0.18
13.89916,190.698,6050.0,1400.0,1.07,448.637,-0.02
10.76064,88.9924,5800.0,1480.0,1.12,216.526,0.17
15.35633,57.2094,5620.0,1400.0,1.08,159.507,-0.18
10.42437,317.83,5900.0,1100.0,1.0,301.462,0.15
17.127352,162.72896,5826.0,1531.0,1.22,227.537,0.0
9.97601,390.9309,5625.0,833.0,1.04,172.256,0.26
13.67498,85.8141,6030.0,1460.0,1.06,200.075,-0.18
10.09929161,136.0305582,4686.0,682.0,0.789,122.91,0.15
9.75183,130.3103,4775.0,763.0,0.8,122.91,0.22
1.841,6.26,4686.0,1329.0,0.789,122.91,0.15
13.56289,368.6828,5700.0,1790.0,1.16,559.084,0.29
15.46842,479.9233,6260.0,1742.0,1.41,275.587,-0.18
12.21781,387.7526,6272.0,1590.0,1.22,414.234,-0.09
8.9672,37.18611,5310.0,910.0,0.92,212.472,0.2
18.304297,2510.857,6475.0,2090.0,1.35,161.997,0.0
16.14096,775.5052,5260.0,1320.0,0.9,117.598,0.12
13.56289,854.9627,5900.0,1540.0,1.25,516.543,0.29
17.14977,266.9772,6010.0,2000.0,1.33,730.933,0.26
9.52765,139.8452,5200.0,1260.0,0.81,355.513,0.18
10.0881,282.8687,4900.0,1200.0,0.76,91.299,-0.04
12.498035,87.40325,5702.0,1404.0,1.044,436.098,0.092
8.092898,92.48853,5460.0,940.0,1.0,246.353,0.11
15.24421375,314.96795134,5750.0,1855.0,1.05,211.73,0.0
15.782272,188.15536,6405.0,1676.0,1.305,282.091,0.0
11.99363,2688.8418,6218.0,1460.0,1.394,527.995,0.156
12.66617,98.5273,5871.0,1290.0,1.077,453.099,0.1
17.37395,123.9537,5914.0,1700.0,1.336,610.176,0.34
10.76062147,198.96058278,4774.0,994.0,0.8,215.501,0.2
13.45077684,276.8285425,5660.0,1468.0,1.09,399.63,0.0
6.02802815,41.8,4987.0,934.5,0.8712,122.066,0.305
5.71659,40.68224,4910.0,970.0,0.842,122.066,0.24
11.937585,182.43442,5838.0,1339.0,1.26,334.037,0.34
11.99363,886.7457,6350.0,1590.0,1.38,524.993,0.24
15.46842,174.8065,6120.0,1850.0,1.41,715.383,0.22
13.652562,264.43456,5630.0,1389.0,0.98,194.134,0.07
12.21781,88.35674,5298.0,1119.0,0.87,288.326,0.27
12.811887,791.3967,6400.0,1557.0,1.39,343.08,0.16
11.209,1652.716,5300.0,910.0,0.95,310.841,0.28
13.473218,594.3421,5500.0,1638.0,0.97,261.386,-0.34
12.643752,676.9779,5806.0,1610.0,0.946,327.506,-0.01
14.12334,209.13214,5599.0,1624.0,1.248,602.236,0.33
7.06167,32.10083,6050.0,1270.0,1.19,114.173,0.19
17.71022,2542.64,7000.0,2329.0,1.59,423.552,0.1
16.8135,133.4886,6000.0,1340.0,1.08,303.941,-0.01
14.616536,178.30263,6110.0,1604.0,1.337,627.066,0.06
22.317119,154.46538,6650.0,1771.0,1.306,405.908,-0.19
21.18501,162.0933,6548.0,1740.0,1.354,405.908,-0.07
12.285064,508.528,5600.0,1422.0,0.93,305.603,0.22
10.98482,344.52772,5965.0,1642.0,1.171,757.84,0.04
17.59813,149.3801,6900.0,1740.0,1.49,538.11,-0.1
14.403565,1102.8701,5767.0,1842.0,1.092,232.98,0.259
13.4508,1172.7927,5800.0,1880.0,1.05,232.98,0.16
16.10730527,104.88337431,6399.0,1528.0,1.24,410.149,0.06
14.5717,413.179,6400.0,1490.0,1.3,410.149,0.09
13.540472,314.6517,6229.0,1571.0,1.212,539.36,0.15
16.869545,271.74465,5941.0,1721.0,1.345,568.42,0.164
17.71022,161.45764,5017.0,1142.0,0.876,176.818,0.25
21.74546,448.1403,8640.0,2402.0,1.93,427.678,-0.06
20.28829,527.5978,9360.0,2470.0,2.07,427.678,0.21
12.980022,3270.4707,6400.0,2392.0,1.256,123.483,0.0
13.89913607,3241.8497514,6432.0,2429.0,1.294,123.483,0.107
13.036067,3299.0754,6455.0,2413.0,1.274,123.483,0.0
13.89916,286.047,6600.0,1540.0,1.3,253.985,0.1
13.271456,95.03117,5839.0,1186.0,1.04,437.495,0.09
9.52765,47.03884,5638.0,1479.0,1.076,327.602,0.27
16.47723,159.55066,5313.0,1111.0,0.784,325.377,-0.31
14.90797,181.1631,6000.0,1480.0,1.23,663.231,0.12
14.01125,311.4734,5900.0,1160.0,1.12,279.35,-0.02
14.81827249,458.6263913,6850.0,1666.0,1.5,675.281,0.0
18.14733975,632.47852993,8000.0,3353.0,2.03,99.731,0.29
15.80469,362.3262,5503.0,2050.0,0.97,268.325,0.21
15.636555,354.06262,5440.0,2067.0,0.904,268.325,0.02
15.86070769,366.77398168,5616.0,2113.0,0.965,268.325,0.04
15.602928,339.76027,5568.0,2520.0,0.904,268.325,0.15
12.89035,317.83,6400.0,1500.0,1.35,542.251,-0.02
13.78707,731.009,5910.0,1620.0,1.09,508.885,0.14
16.40994774,44.17814857,6078.0,1254.0,1.059,362.087,-0.06
15.47960235,373.13054982,6405.0,1693.0,1.29,476.831,0.0
10.31226224,33.05415433,6300.0,1522.0,1.3,484.852,0.0
14.44837612,403.32424848,6050.0,1665.0,1.36,483.675,0.0
11.915167,279.6904,5170.0,1286.0,0.851,153.242,0.04
11.690987,269.20201,5150.0,1281.0,0.803,153.242,-0.08
11.690987,269.20201,5150.0,1281.0,0.803,153.242,-0.08
12.005,290.802,5200.0,1304.0,0.89,153.242,0.1
12.116929,295.89973,5180.0,1311.0,0.895,153.242,0.12
16.388,98.841,5940.0,1379.0,1.2,211.877,-0.008
14.156967,93.75985,5800.0,1340.0,0.98,258.426,-0.46
12.55408,177.9848,6000.0,1430.0,1.1,317.652,-0.05
13.439591,196.10111,6153.0,1502.0,1.249,317.652,0.26
14.605327,352.47347,6107.0,1772.0,1.168,322.114,-0.02
13.977623,190.06234,5736.0,1210.0,1.053,211.416,0.06
13.630144,324.1866,6015.0,1650.0,1.095,252.759,-0.02
14.79585452,324.18497514,5950.0,1660.0,1.12,252.759,-0.02
13.597,288.26,6150.0,1468.0,1.021,348.494,-0.29
15.177,285.717,6084.0,1473.0,1.011,348.494,-0.2
16.297886,654.7298,6400.0,2028.0,1.26,231.161,0.0
14.68379,559.3808,6400.0,1960.0,1.24,231.161,0.0
15.871944,645.1949,6400.0,2020.0,1.26,231.161,0.0
17.37395,152.5584,6217.0,1580.0,1.2,383.829,-0.08
14.874343,750.39663,5959.0,1733.0,1.081,386.346,-0.26
14.336311,89.31023,5485.0,1166.0,0.913,213.982,0.01
14.23543,88.9924,5326.6,1120.0,0.918,213.982,-0.03
14.90797,386.48128,5436.0,1664.0,0.89,267.206,-0.05
15.367539,409.68287,5500.0,1662.0,0.94,267.206,-0.03
15.210613,393.15571,5500.0,1661.0,0.914,267.206,-0.03
15.289076,396.96967,5540.0,1673.0,0.927,267.206,-0.03
13.22662,298.7602,5545.0,1244.0,0.93,163.371,0.06
13.204202,310.51991,5546.0,1242.0,0.987,163.371,0.06
12.576498,167.49641,5315.0,1021.0,0.951,177.291,0.29
11.276254,635.02434,4500.0,1426.7,0.688,86.7467,-0.01
12.3299,276.5121,5420.0,1337.0,0.935,364.512,-0.003
10.603714,306.38812,5150.0,1153.0,0.85,211.196,-0.03
11.119328,318.46566,5100.0,1170.0,0.904,211.196,0.5
13.159366,607.0553,5600.0,1636.0,0.828,375.31,-0.3
15.65,288.0,6000.0,1956.0,1.062,454.144,-0.12
13.125739,520.28771,5700.0,1732.0,1.021,309.137,0.09
13.170575,506.93885,5770.0,1753.0,1.033,309.137,0.09
12.184,502.15,5700.0,1706.0,0.96,309.137,0.09
13.047276,497.40395,5700.0,1732.0,1.004,309.137,0.09
12.218,502.15,5880.0,1753.0,0.972,309.137,0.0
14.24,146.2,5000.0,1315.0,0.87,174.818,0.03
13.708607,146.2018,5000.0,1309.0,0.87,174.818,0.03
12.038466,677.61356,4953.0,1053.0,0.839,201.338,0.22
18.528,202.131,6100.0,1759.0,1.213,251.303,-0.27
14.964015,199.27941,6070.0,1300.0,1.162,297.462,0.09
12.24,181.473,5600.0,1216.0,1.017,321.084,0.12
11.76945,204.68252,5600.0,1338.0,0.886,398.276,-0.25
10.267,213.573,5600.0,1251.0,0.954,398.276,-0.25
15.36,282.86,5800.0,1270.0,0.94,290.404,-0.45
8.687,274.276,4650.0,670.0,0.719,115.936,-0.15
13.78707,154.14755,5375.0,1184.0,0.836,197.119,-0.15
13.67498,158.915,5380.72,1150.0,0.93,197.119,-0.143
9.64,163.358,5900.0,1320.0,1.078,431.052,-0.04
13.731025,177.9848,6105.0,1479.0,1.229,431.052,0.26
13.56289,654.7298,6250.0,1624.4,1.27,488.66,-0.1
15.02006,184.3414,6230.0,1475.3,1.28,175.631,0.04
14.247,403.945,5400.0,1689.0,1.004,369.926,-0.08
12.464,492.62,5600.0,1480.0,0.93,273.703,-0.07
13.9,301.93,5911.0,1490.0,1.24,226.399,0.22
9.113,82.632,4715.0,963.0,0.826,49.9605,0.144
14.90797,305.1168,6400.0,1487.0,1.276,162.303,0.0
15.401166,311.4734,6520.0,1530.0,1.317,162.303,0.0
15.277867,305.1168,6400.0,1502.0,1.285,162.303,0.0
13.047,187.512,5763.0,1387.0,1.106,222.355,-0.006
16.37,712.545,6059.0,2049.0,1.559,362.715,0.14
14.24,491.3763,6250.0,2210.0,1.386,434.754,-0.06
13.002,597.5,6036.0,1790.0,1.34,316.678,0.14
17.48604,301.9385,5970.0,1910.0,1.48,149.216,0.39
15.737436,262.52758,5984.0,1926.0,1.191,149.216,0.34
14.235,340.06,6100.0,1710.0,1.14,294.001,0.07
20.51247,292.4036,6250.0,2160.0,1.46,194.459,0.23
20.78145022,284.13859586,6329.0,2228.0,1.458,194.459,0.366
20.68056939,289.22385037,6366.0,2231.0,1.467,194.459,0.204
13.78704626,529.81995447,5617.0,1715.0,0.903,105.166,-0.1
23.09054,273.3338,6100.0,2469.7,1.39,754.258,-0.35
17.14974047,270.15414595,6600.0,1716.2,1.39,246.69,0.03
17.14977,270.1555,6600.0,1716.2,1.39,246.69,0.03
11.197791,170.99254,4143.0,825.0,0.577,49.7876,-0.13
16.017661,231.69807,5870.0,1623.0,1.08,398.505,-0.36
18.71903,394.1092,6490.0,2190.0,1.63,275.664,0.12
19.17,397.27,6480.0,2200.0,1.64,275.664,0.1
11.65736,95.349,5510.0,1120.0,1.11,271.103,0.29
10.559,220.565,5314.0,797.0,0.842,100.588,0.0
10.939984,218.34921,5280.0,833.0,0.853,100.588,0.09
19.055,177.98,6431.0,1772.0,1.45,523.756,-0.08
11.65736,1875.197,5130.0,1120.0,0.92,290.946,0.15
18.27067,200.2329,6430.0,1840.0,1.55,466.433,0.11
11.54527,425.8922,4920.0,1160.0,0.84,149.942,0.19
16.376349,255.85315,6280.0,1871.0,1.19,575.889,0.0
17.900773,467.2101,6700.0,1942.0,1.334,370.284,0.07
19.28,143.653,6153.0,1604.0,1.45,211.211,0.26
13.56,359.13,5630.0,1570.0,1.11,137.544,0.14
13.45,152.55,5540.0,1285.0,1.06,352.464,0.14
12.67,419.52,5640.0,1555.0,1.12,151.068,0.23
12.33,263.79,5525.0,1180.0,0.69,281.742,-0.6
12.823096,293.03926,5473.0,1171.0,0.809,281.742,-0.49
12.33,883.53,6180.0,1480.0,1.48,158.66,0.21
16.7,1274.44,6250.0,1500.0,1.2,2346.01,-0.5
1.24,2.53,3542.0,996.0,0.405,28.5321,-0.17
2.043,6.27,4716.0,789.0,0.688,44.526,-0.47
2.043,6.26,4716.0,790.0,0.688,44.526,-0.47
13.518054,293.67492,5750.0,1210.0,1.037,163.553,0.02
11.029656,188.47319,5340.0,1328.0,0.924,154.273,0.45
11.119328,176.39565,5340.0,1328.0,0.946,154.273,0.45
13.988832,3759.9289,6429.0,1729.0,1.206,213.053,-0.18
14.45961,483.41943,6397.0,1630.0,1.285,272.655,-0.04
14.425983,491.68301,6397.0,1630.0,1.285,272.655,-0.04
12.89035,365.5045,5510.0,1244.0,1.0,276.211,0.25
12.78,378.2,5430.0,1230.0,1.04,276.211,0.05
12.206601,344.52772,5370.0,1203.0,0.914,276.211,0.05
23.20263,1398.452,6720.0,1577.0,1.47,235.479,-0.07
15.389957,225.34147,6250.0,1743.0,1.405,234.149,0.432
2.06,4.52,5870.0,1147.0,1.02,18.2702,0.05
2.042,4.82,6037.0,1169.8,1.094,18.2702,0.08
